中国之声	http://ngcdn001.cnr.cn/live/zgzs/index.m3u8	0
经济之声	http://ngcdn001.cnr.cn/live/jjzs/index.m3u8	0
怀集音乐之声	http://lhttp.qingting.fm/live/4804/64k.mp3	0
两广之声音乐	https://lhttp-hw.qingting.fm/live/20500149/64k.mp3	0
顺德音乐之声	https://lhttp.qtfm.cn/live/20500150/64k.mp3	0
环球资讯	http://satellitepull.cnr.cn/live/wxhqzx01/playlist.m3u8	0
CCVT1	http://piccpndks.v.kcdnvip.com/audio/cctv1_2/index.m3u8	0
CCVT2	http://piccpndks.v.kcdnvip.com/audio/cctv2_2/index.m3u8	0
CCVT3	http://piccpndks.v.kcdnvip.com/audio/cctv3_2/index.m3u8	0
CCVT4	http://piccpndks.v.kcdnvip.com/audio/cctv4_2/index.m3u8	0
CCVT5	http://piccpndks.v.kcdnvip.com/audio/cctv5_2/index.m3u8	0
CCVT6	http://piccpndks.v.kcdnvip.com/audio/cctv6_2/index.m3u8	0
CCVT7	http://piccpndks.v.kcdnvip.com/audio/cctv7_2/index.m3u8	0
CCVT8	http://piccpndks.v.kcdnvip.com/audio/cctv8_2/index.m3u8	0
CCVT9	http://piccpndks.v.kcdnvip.com/audio/cctv9_2/index.m3u8	0
CCVT10	http://piccpndks.v.kcdnvip.com/audio/cctv10_2/index.m3u8	0
CCVT11	http://piccpndks.v.kcdnvip.com/audio/cctv11_2/index.m3u8	0
CCVT12	http://piccpndks.v.kcdnvip.com/audio/cctv12_2/index.m3u8	0
CCVT13	http://piccpndks.v.kcdnvip.com/audio/cctv13_2/index.m3u8	0
CCVT14	http://piccpndks.v.kcdnvip.com/audio/cctv14_2/index.m3u8	0
CCVT15	http://piccpndks.v.kcdnvip.com/audio/cctv15_2/index.m3u8	0
CCVT16	http://piccpndks.v.kcdnvip.com/audio/cctv16_2/index.m3u8	0
CCVT17	http://piccpndks.v.kcdnvip.com/audio/cctv17_2/index.m3u8	0
北京文艺广播	https://lhttp.qtfm.cn/live/333/64k.mp3	0
北京体育广播	https://lhttp.qtfm.cn/live/335/64k.mp3	0
北京交通广播	https://lhttp.qtfm.cn/live/336/64k.mp3	0
北京新闻广播	https://lhttp.qtfm.cn/live/339/64k.mp3	0
北京城市广播	https://lhttp.qtfm.cn/live/345/64k.mp3	0
京津冀之声	https://lhttp.qtfm.cn/live/5022463/64k.mp3	0
北京大兴人民广播电台FM986	https://lhttp.qtfm.cn/live/5021739/64k.mp3	0
河南经典FM	https://lhttp.qtfm.cn/live/20207762/64k.mp3	0
AI潮流音乐台	https://lhttp.qtfm.cn/live/15318300/64k.mp3	0
运城综合广播	https://lhttp.qtfm.cn/live/1190/64k.mp3	0
徐州经典音乐FM942	https://lhttp.qtfm.cn/live/15318160/64k.mp3	0
黄石交通广播	https://lhttp.qtfm.cn/live/3964/64k.mp3	0
1042南阳新闻广播	https://lhttp.qtfm.cn/live/1213/64k.mp3	0
南阳交通广播	https://lhttp.qtfm.cn/live/1212/64k.mp3	0
郑州交通广播	https://lhttp.qtfm.cn/live/1211/64k.mp3	0
开封交通旅游广播	https://lhttp.qtfm.cn/live/1214/64k.mp3	0
郑州新闻广播	https://lhttp.qtfm.cn/live/1220/64k.mp3	0
郑州经济广播	https://lhttp.qtfm.cn/live/1221/64k.mp3	0
FM91.8郑州私家车广播	https://lhttp.qtfm.cn/live/1222/64k.mp3	0
怀旧好声音	https://lhttp.qtfm.cn/live/1223/64k.mp3	0
洛阳综合广播	https://lhttp.qtfm.cn/live/1225/64k.mp3	0
洛阳音乐广播	https://lhttp.qtfm.cn/live/1226/64k.mp3	0
洛阳交通广播	https://lhttp.qtfm.cn/live/1227/64k.mp3	0
991新乡综合广播	https://lhttp.qtfm.cn/live/1228/64k.mp3	0
1077新乡交通广播	https://lhttp.qtfm.cn/live/1229/64k.mp3	0
濮阳交通广播	https://lhttp.qtfm.cn/live/1233/64k.mp3	0
安阳1008音乐广播	https://lhttp.qtfm.cn/live/2123/64k.mp3	0
安阳交通广播	https://lhttp.qtfm.cn/live/2138/64k.mp3	0
开封私家车音乐广播	https://lhttp.qtfm.cn/live/4569/64k.mp3	0
郑州音乐广播	https://lhttp.qtfm.cn/live/4921/64k.mp3	0
濮阳FM1053快乐调频	https://lhttp.qtfm.cn/live/20206/64k.mp3	0
焦作交通旅游广播	https://lhttp.qtfm.cn/live/20805/64k.mp3	0
濮阳经典调频1038	https://lhttp.qtfm.cn/live/5021461/64k.mp3	0
快乐903私家车广播	https://lhttp.qtfm.cn/live/5021919/64k.mp3	0
商丘交通1007	https://lhttp.qtfm.cn/live/5021932/64k.mp3	0
声动890信阳综合广播	https://lhttp.qtfm.cn/live/5021977/64k.mp3	0
郏县886	https://lhttp.qtfm.cn/live/5022022/64k.mp3	0
鹤壁综合广播	https://lhttp.qtfm.cn/live/5022055/64k.mp3	0
登封综合广播	https://lhttp.qtfm.cn/live/5022077/64k.mp3	0
鹤壁交通广播FM99.4	https://lhttp.qtfm.cn/live/5022089/64k.mp3	0
许昌广播电视台综合广播	https://lhttp.qtfm.cn/live/5022092/64k.mp3	0
许昌广播电视台交通广播FM92.6	https://lhttp.qtfm.cn/live/5022095/64k.mp3	0
驻马店综合广播	https://lhttp.qtfm.cn/live/5022118/64k.mp3	0
驻马店经济广播	https://lhttp.qtfm.cn/live/5022119/64k.mp3	0
三门峡综合广播	https://lhttp.qtfm.cn/live/5022134/64k.mp3	0
济源新闻综合广播	https://lhttp.qtfm.cn/live/5022142/64k.mp3	0
平顶山新闻综合广播	https://lhttp.qtfm.cn/live/5022420/64k.mp3	0
平顶山交通广播	https://lhttp.qtfm.cn/live/5022421/64k.mp3	0
商丘新闻综合广播	https://lhttp.qtfm.cn/live/5022443/64k.mp3	0
漯河交通广播	https://lhttp.qtfm.cn/live/5022452/64k.mp3	0
巩义融媒	https://lhttp.qtfm.cn/live/5022551/64k.mp3	0
焦作新闻综合广播	https://lhttp.qtfm.cn/live/5022557/64k.mp3	0
汝州人民广播电台	https://lhttp.qtfm.cn/live/5022650/64k.mp3	0
开封综合广播	https://lhttp.qtfm.cn/live/5022653/64k.mp3	0
漯河综合广播	https://lhttp.qtfm.cn/live/5022660/64k.mp3	0
南阳好朋友892汽车音乐电台	https://lhttp.qtfm.cn/live/5022725/64k.mp3	0
FM99.6信阳交通广播	https://lhttp.qtfm.cn/live/15318156/64k.mp3	0
安阳新闻应急广播	https://lhttp.qtfm.cn/live/15318224/64k.mp3	0
FM98.9三门峡交通文艺广播	https://lhttp.qtfm.cn/live/15318227/64k.mp3	0
项城936	https://lhttp.qtfm.cn/live/15318335/64k.mp3	0
悦动936南阳城市广播	https://lhttp.qtfm.cn/live/15318502/64k.mp3	0
长垣综合广播FM95.7	https://lhttp.qtfm.cn/live/15318663/64k.mp3	0
FM893周口交通广播	https://lhttp.qtfm.cn/live/15318700/64k.mp3	0
濮阳新闻广播	https://lhttp.qtfm.cn/live/20207739/64k.mp3	0
经典916	https://lhttp.qtfm.cn/live/20207782/64k.mp3	0
TOP Radio 安阳881	https://lhttp.qtfm.cn/live/20209339/64k.mp3	0
平舆FM981	https://lhttp.qtfm.cn/live/20209342/64k.mp3	0
FM105.9项城人民广播电台	https://lhttp.qtfm.cn/live/20210757/64k.mp3	0
洛阳城市993	https://lhttp.qtfm.cn/live/20211321/64k.mp3	0
FM104.4	https://lhttp.qtfm.cn/live/20211597/64k.mp3	0
林州广播电台	https://lhttp.qtfm.cn/live/20211604/64k.mp3	0
风尚908	https://lhttp.qtfm.cn/live/20211663/64k.mp3	0
周口综合广播	https://lhttp.qtfm.cn/live/20212215/64k.mp3	0
正阳综合广播	https://lhttp.qtfm.cn/live/20212397/64k.mp3	0
新野998电台	https://lhttp.qtfm.cn/live/20212406/64k.mp3	0
光山90.1	https://lhttp.qtfm.cn/live/20500029/64k.mp3	0
乐享1007	https://lhttp.qtfm.cn/live/20500141/64k.mp3	0
新密人民广播电台	https://lhttp.qtfm.cn/live/20500144/64k.mp3	0
动听925	https://lhttp.qtfm.cn/live/20500152/64k.mp3	0
103.7滑县广播电台	https://lhttp.qtfm.cn/live/20500195/64k.mp3	0
汤阴融媒综合广播	https://lhttp.qtfm.cn/live/20500205/64k.mp3	0
重庆之声	https://lhttp.qtfm.cn/live/1498/64k.mp3	0
重庆音乐广播	https://lhttp.qtfm.cn/live/647/64k.mp3	0
重庆南川97.0	https://lhttp.qtfm.cn/live/15318405/64k.mp3	0
重庆交通广播	https://lhttp.qtfm.cn/live/1500/64k.mp3	0
重庆巴渝之声	https://lhttp.qtfm.cn/live/5022385/64k.mp3	0
100.7重庆永川之声	https://lhttp.qtfm.cn/live/20210236/64k.mp3	0
重庆嘉陵之声FM88.7	https://lhttp.qtfm.cn/live/20211692/64k.mp3	0
938重庆私家车广播	https://lhttp.qtfm.cn/live/1502/64k.mp3	0
生活1015	https://lhttp.qtfm.cn/live/1499/64k.mp3	0
万盛融媒体中心综合广播	https://lhttp.qtfm.cn/live/15318480/64k.mp3	0
梁平之声	https://lhttp.qtfm.cn/live/20211646/64k.mp3	0
大足人民广播电台	https://lhttp.qtfm.cn/live/20211676/64k.mp3	0
綦江综合广播	https://lhttp.qtfm.cn/live/20500201/64k.mp3	0
四川城市之音	https://lhttp.qtfm.cn/live/1111/64k.mp3	0
四川民族频率	https://lhttp.qtfm.cn/live/1115/64k.mp3	0
四川文艺广播	https://lhttp.qtfm.cn/live/4887/64k.mp3	0
四川之声981	https://lhttp.qtfm.cn/live/20207767/64k.mp3	0
四川天府之声FM92.5	https://lhttp.qtfm.cn/live/4939/64k.mp3	0
四川南部新闻综合广播	https://lhttp.qtfm.cn/live/20525/64k.mp3	0
四川岷江音乐广播	https://lhttp.qtfm.cn/live/1110/64k.mp3	0
四川财富生活广播FM94.0	https://lhttp.qtfm.cn/live/4927/64k.mp3	0
四川新闻广播FM106.1	https://lhttp.qtfm.cn/live/4906/64k.mp3	0
攀枝花交通音乐广播	https://lhttp.qtfm.cn/live/4905/64k.mp3	0
四川交通广播FM101.7	https://lhttp.qtfm.cn/live/4886/64k.mp3	0
三台人民广播电台	https://lhttp.qtfm.cn/live/15318544/64k.mp3	0
南充交通音乐广播FM91.5	https://lhttp.qtfm.cn/live/21231/64k.mp3	0
成都经济广播	https://lhttp.qtfm.cn/live/1121/64k.mp3	0
乐山综合广播FM102.8	https://lhttp.qtfm.cn/live/1122/64k.mp3	0
绵阳新闻广播	https://lhttp.qtfm.cn/live/4024/64k.mp3	0
绵阳音乐广播	https://lhttp.qtfm.cn/live/4025/64k.mp3	0
绵阳交通广播	https://lhttp.qtfm.cn/live/4026/64k.mp3	0
眉山综合广播	https://lhttp.qtfm.cn/live/4027/64k.mp3	0
亚洲音乐成都FM96.5	https://lhttp.qtfm.cn/live/4581/64k.mp3	0
乐山音乐交通广播FM100.5	https://lhttp.qtfm.cn/live/4864/64k.mp3	0
成都交通文艺广播FM91.4	https://lhttp.qtfm.cn/live/4891/64k.mp3	0
成都电台FM946	https://lhttp.qtfm.cn/live/4892/64k.mp3	0
成都新闻广播	https://lhttp.qtfm.cn/live/4897/64k.mp3	0
攀枝花综合广播	https://lhttp.qtfm.cn/live/4904/64k.mp3	0
德阳综合广播	https://lhttp.qtfm.cn/live/4987/64k.mp3	0
遂宁交通旅游台	https://lhttp.qtfm.cn/live/20180/64k.mp3	0
遂宁新闻综合台	https://lhttp.qtfm.cn/live/20182/64k.mp3	0
自贡文化旅游广播	https://lhttp.qtfm.cn/live/20529/64k.mp3	0
广安交通旅游广播	https://lhttp.qtfm.cn/live/21309/64k.mp3	0
南充综合广播FM100.4	https://lhttp.qtfm.cn/live/21357/64k.mp3	0
959年代音乐怀旧好声音	https://lhttp.qtfm.cn/live/5021381/64k.mp3	0
仁寿人民广播电台	https://lhttp.qtfm.cn/live/5021453/64k.mp3	0
泸州新闻广播	https://lhttp.qtfm.cn/live/5021557/64k.mp3	0
泸州交通广播	https://lhttp.qtfm.cn/live/5021559/64k.mp3	0
泸州音乐广播	https://lhttp.qtfm.cn/live/5021565/64k.mp3	0
内江交通广播	https://lhttp.qtfm.cn/live/5021907/64k.mp3	0
德阳旌阳电台	https://lhttp.qtfm.cn/live/5021933/64k.mp3	0
FM882 成都故事广播	https://lhttp.qtfm.cn/live/5022004/64k.mp3	0
德阳经济生活广播	https://lhttp.qtfm.cn/live/5022110/64k.mp3	0
凉山综合广播	https://lhttp.qtfm.cn/live/5022143/64k.mp3	0
富顺人民广播电台	https://lhttp.qtfm.cn/live/5022355/64k.mp3	0
达州综合广播	https://lhttp.qtfm.cn/live/5022394/64k.mp3	0
达州交通音乐广播	https://lhttp.qtfm.cn/live/5022395/64k.mp3	0
安岳人民广播电台&quot;柠都之声&quot;FM98.0	https://lhttp.qtfm.cn/live/5022417/64k.mp3	0
广元综合广播	https://lhttp.qtfm.cn/live/5022580/64k.mp3	0
广元交通旅游广播	https://lhttp.qtfm.cn/live/5022581/64k.mp3	0
南部交通音乐广播	https://lhttp.qtfm.cn/live/5022604/64k.mp3	0
绵竹人民广播电台	https://lhttp.qtfm.cn/live/15318098/64k.mp3	0
欧美音乐88.7	https://lhttp.qtfm.cn/live/15318703/64k.mp3	0
成都龙泉人民广播电台FM99.3	https://lhttp.qtfm.cn/live/20207769/64k.mp3	0
935爱旅游	https://lhttp.qtfm.cn/live/20207773/64k.mp3	0
南江人民广播电台	https://lhttp.qtfm.cn/live/20207778/64k.mp3	0
眉山交通音乐广播	https://lhttp.qtfm.cn/live/20207781/64k.mp3	0
自贡综合广播	https://lhttp.qtfm.cn/live/20207784/64k.mp3	0
巴中交通旅游广播	https://lhttp.qtfm.cn/live/20209340/64k.mp3	0
巴中新闻综合广播	https://lhttp.qtfm.cn/live/20210239/64k.mp3	0
双流FM1009空港之声	https://lhttp.qtfm.cn/live/20211587/64k.mp3	0
自贡交通广播	https://lhttp.qtfm.cn/live/20211650/64k.mp3	0
成都年代音乐怀旧好声音	https://lhttp.qtfm.cn/live/20211686/64k.mp3	0
西昌人民广播电台	https://lhttp.qtfm.cn/live/20211706/64k.mp3	0
阆中人民广播电台	https://lhttp.qtfm.cn/live/20500020/64k.mp3	0
威远综合广播	https://lhttp.qtfm.cn/live/20500102/64k.mp3	0
年代音乐FM88.9	https://lhttp.qtfm.cn/live/20500160/64k.mp3	0
新声905	https://lhttp.qtfm.cn/live/20500221/64k.mp3	0
浙江之声	https://lhttp.qtfm.cn/live/4518/64k.mp3	0
浙江经济广播	https://lhttp.qtfm.cn/live/4519/64k.mp3	0
浙江FM99.6	https://lhttp.qtfm.cn/live/4521/64k.mp3	0
浙江音乐调频	https://lhttp.qtfm.cn/live/4866/64k.mp3	0
FM93浙江交通之声	https://lhttp.qtfm.cn/live/4522/64k.mp3	0
潮州戏曲广播	https://lhttp.qtfm.cn/live/4595/64k.mp3	0
杭州交通91.8电台	https://lhttp.qtfm.cn/live/1133/64k.mp3	0
中波954老朋友广播	https://lhttp.qtfm.cn/live/1132/64k.mp3	0
杭州之声	https://lhttp.qtfm.cn/live/1134/64k.mp3	0
嘉兴交通广播	https://lhttp.qtfm.cn/live/1135/64k.mp3	0
嘉兴音乐广播	https://lhttp.qtfm.cn/live/1136/64k.mp3	0
宁波新闻综合广播	https://lhttp.qtfm.cn/live/1138/64k.mp3	0
宁波交通广播	https://lhttp.qtfm.cn/live/1140/64k.mp3	0
宁波音乐广播私家车986	https://lhttp.qtfm.cn/live/1142/64k.mp3	0
瑞安人民广播	https://lhttp.qtfm.cn/live/1143/64k.mp3	0
台州音乐广播	https://lhttp.qtfm.cn/live/1144/64k.mp3	0
台州新闻综合	https://lhttp.qtfm.cn/live/1145/64k.mp3	0
台州交通广播	https://lhttp.qtfm.cn/live/1146/64k.mp3	0
1003温州音乐之声	https://lhttp.qtfm.cn/live/1149/64k.mp3	0
宁波经济广播	https://lhttp.qtfm.cn/live/1152/64k.mp3	0
1008可乐台	https://lhttp.qtfm.cn/live/1153/64k.mp3	0
嘉兴综合广播	https://lhttp.qtfm.cn/live/1154/64k.mp3	0
温州新闻广播	https://lhttp.qtfm.cn/live/1155/64k.mp3	0
温州交通广播	https://lhttp.qtfm.cn/live/1156/64k.mp3	0
温州经济广播	https://lhttp.qtfm.cn/live/1157/64k.mp3	0
FM93.8	https://lhttp.qtfm.cn/live/1158/64k.mp3	0
FM998 舟山新闻综合广播	https://lhttp.qtfm.cn/live/1160/64k.mp3	0
FM97 舟山交通音乐广播	https://lhttp.qtfm.cn/live/1161/64k.mp3	0
西湖之声	https://lhttp.qtfm.cn/live/1163/64k.mp3	0
柯桥调频广播电台FM106.8	https://lhttp.qtfm.cn/live/2422/64k.mp3	0
台州音乐广播	https://lhttp.qtfm.cn/live/1144/64k.mp3	0
台州新闻综合	https://lhttp.qtfm.cn/live/1145/64k.mp3	0
台州交通广播	https://lhttp.qtfm.cn/live/1146/64k.mp3	0
1003温州音乐之声	https://lhttp.qtfm.cn/live/1149/64k.mp3	0
宁波经济广播	https://lhttp.qtfm.cn/live/1152/64k.mp3	0
1008可乐台	https://lhttp.qtfm.cn/live/1153/64k.mp3	0
嘉兴综合广播	https://lhttp.qtfm.cn/live/1154/64k.mp3	0
温州新闻广播	https://lhttp.qtfm.cn/live/1155/64k.mp3	0
温州交通广播	https://lhttp.qtfm.cn/live/1156/64k.mp3	0
温州经济广播	https://lhttp.qtfm.cn/live/1157/64k.mp3	0
FM93.8	https://lhttp.qtfm.cn/live/1158/64k.mp3	0
FM998 舟山新闻综合广播	https://lhttp.qtfm.cn/live/1160/64k.mp3	0
FM97 舟山交通音乐广播	https://lhttp.qtfm.cn/live/1161/64k.mp3	0
西湖之声	https://lhttp.qtfm.cn/live/1163/64k.mp3	0
柯桥调频广播电台FM106.8	https://lhttp.qtfm.cn/live/2422/64k.mp3	0
义乌交通广播	https://lhttp.qtfm.cn/live/20533/64k.mp3	0
义乌新闻广播	https://lhttp.qtfm.cn/live/20537/64k.mp3	0
东阳城市广播	https://lhttp.qtfm.cn/live/21181/64k.mp3	0
慈溪经典车电台	https://lhttp.qtfm.cn/live/5021401/64k.mp3	0
桐乡之声	https://lhttp.qtfm.cn/live/5021791/64k.mp3	0
FM101仙居融媒体广播	https://lhttp.qtfm.cn/live/5021908/64k.mp3	0
浦江人民广播电台	https://lhttp.qtfm.cn/live/5021924/64k.mp3	0
FM106.5德清之声	https://lhttp.qtfm.cn/live/5022033/64k.mp3	0
1052LoveRadio	https://lhttp.qtfm.cn/live/5022061/64k.mp3	0
天台电台FM91.1	https://lhttp.qtfm.cn/live/5022200/64k.mp3	0
FM97.3太湖之声	https://lhttp.qtfm.cn/live/5022311/64k.mp3	0
FM989宁海新闻综合广播	https://lhttp.qtfm.cn/live/5022406/64k.mp3	0
FM89.8临海人民广播电台	https://lhttp.qtfm.cn/live/5022437/64k.mp3	0
诸暨人民广播电台	https://lhttp.qtfm.cn/live/5022482/64k.mp3	0
兰溪电台FM90.8	https://lhttp.qtfm.cn/live/5022526/64k.mp3	0
FM96大潮之声	https://lhttp.qtfm.cn/live/5022556/64k.mp3	0
永康人民广播电台	https://lhttp.qtfm.cn/live/5022570/64k.mp3	0
FM105平阳电台	https://lhttp.qtfm.cn/live/5022624/64k.mp3	0
黄岩电台	https://lhttp.qtfm.cn/live/5022671/64k.mp3	0
杭州FM90.7	https://lhttp.qtfm.cn/live/15318146/64k.mp3	0
1022永嘉人民广播电台	https://lhttp.qtfm.cn/live/15318231/64k.mp3	0
FM954龙游电台	https://lhttp.qtfm.cn/live/15318359/64k.mp3	0
三门广播电台	https://lhttp.qtfm.cn/live/15318638/64k.mp3	0
玉环广播电台	https://lhttp.qtfm.cn/live/20212390/64k.mp3	0
新昌人民广播电台	https://lhttp.qtfm.cn/live/20212423/64k.mp3	0
萧山人民广播电台	https://lhttp.qtfm.cn/live/20500184/64k.mp3	0
无锡交通广播	https://lhttp.qtfm.cn/live/2780/64k.mp3	0
江苏故事广播	https://lhttp.qtfm.cn/live/20012/64k.mp3	0
江苏文艺广播	https://lhttp.qtfm.cn/live/20013/64k.mp3	0
江苏健康广播	https://lhttp.qtfm.cn/live/20014/64k.mp3	0
江苏财经广播	https://lhttp.qtfm.cn/live/20015/64k.mp3	0
江苏交通广播	https://lhttp.qtfm.cn/live/4054/64k.mp3	0
江苏新闻广播	https://lhttp.qtfm.cn/live/4944/64k.mp3	0
江苏新闻综合广播	https://lhttp.qtfm.cn/live/5055/64k.mp3	0
江苏经典流行音乐	https://lhttp.qtfm.cn/live/4938/64k.mp3	0
江苏音乐广播PlayFM897	https://lhttp.qtfm.cn/live/4936/64k.mp3	0
金乡之声	https://lhttp.qtfm.cn/live/20500085/64k.mp3	0
嘉兴交通广播	https://lhttp.qtfm.cn/live/1135/64k.mp3	0
连云港交通广播	https://lhttp.qtfm.cn/live/2775/64k.mp3	0
AM1161无锡新闻综合广播	https://lhttp.qtfm.cn/live/2776/64k.mp3	0
FM93.7无锡新闻综合广播	https://lhttp.qtfm.cn/live/2777/64k.mp3	0
无锡经济广播	https://lhttp.qtfm.cn/live/2778/64k.mp3	0
无锡音乐广播	https://lhttp.qtfm.cn/live/2779/64k.mp3	0
无锡交通广播	https://lhttp.qtfm.cn/live/2780/64k.mp3	0
无锡梁溪之声	https://lhttp.qtfm.cn/live/2782/64k.mp3	0
无锡都市生活广播	https://lhttp.qtfm.cn/live/2783/64k.mp3	0
澎湃907	https://lhttp.qtfm.cn/live/2789/64k.mp3	0
常熟广播声动1008	https://lhttp.qtfm.cn/live/2791/64k.mp3	0
常熟新闻广播	https://lhttp.qtfm.cn/live/2792/64k.mp3	0
常州经济广播	https://lhttp.qtfm.cn/live/2794/64k.mp3	0
常州交通广播	https://lhttp.qtfm.cn/live/2796/64k.mp3	0
常州新闻广播	https://lhttp.qtfm.cn/live/2798/64k.mp3	0
常州音乐广播	https://lhttp.qtfm.cn/live/2799/64k.mp3	0
苏州生活广播	https://lhttp.qtfm.cn/live/2801/64k.mp3	0
苏州音乐广播	https://lhttp.qtfm.cn/live/2803/64k.mp3	0
扬州交通广播	https://lhttp.qtfm.cn/live/2804/64k.mp3	0
扬州YESFM949	https://lhttp.qtfm.cn/live/2805/64k.mp3	0
苏州交通广播	https://lhttp.qtfm.cn/live/2806/64k.mp3	0
苏州儿童广播	https://lhttp.qtfm.cn/live/2807/64k.mp3	0
苏州新闻广播	https://lhttp.qtfm.cn/live/2808/64k.mp3	0
邳州人民广播电台	https://lhttp.qtfm.cn/live/2809/64k.mp3	0
宜兴交通台	https://lhttp.qtfm.cn/live/3982/64k.mp3	0
FM104镇江综合广播	https://lhttp.qtfm.cn/live/3984/64k.mp3	0
FM88.8镇江交通广播	https://lhttp.qtfm.cn/live/3985/64k.mp3	0
淮安交通文艺	https://lhttp.qtfm.cn/live/4586/64k.mp3	0
淮安经济生活	https://lhttp.qtfm.cn/live/4587/64k.mp3	0
淮安FM104.2	https://lhttp.qtfm.cn/live/4588/64k.mp3	0
淮安新闻综合	https://lhttp.qtfm.cn/live/4589/64k.mp3	0
FM96.3镇江文艺广播	https://lhttp.qtfm.cn/live/4605/64k.mp3	0
徐州新闻综合广播	https://lhttp.qtfm.cn/live/4922/64k.mp3	0
徐州音乐广播FM91.9	https://lhttp.qtfm.cn/live/4923/64k.mp3	0
徐州交通广播	https://lhttp.qtfm.cn/live/4924/64k.mp3	0
南京音乐广播	https://lhttp.qtfm.cn/live/4963/64k.mp3	0
扬州新闻广播	https://lhttp.qtfm.cn/live/5000/64k.mp3	0
宿迁交通广播	https://lhttp.qtfm.cn/live/5004/64k.mp3	0
宿豫人民广播电台	https://lhttp.qtfm.cn/live/5005/64k.mp3	0
FM90.5镇江经济广播	https://lhttp.qtfm.cn/live/5006/64k.mp3	0
997金陵之声	https://lhttp.qtfm.cn/live/5056/64k.mp3	0
886武进之声	https://lhttp.qtfm.cn/live/20150/64k.mp3	0
盐城交通广播	https://lhttp.qtfm.cn/live/20326/64k.mp3	0
FM98.8 盐城综合广播	https://lhttp.qtfm.cn/live/20330/64k.mp3	0
盐城广播FM88.2	https://lhttp.qtfm.cn/live/20332/64k.mp3	0
如东新闻综合广播	https://lhttp.qtfm.cn/live/20579/64k.mp3	0
宿迁汽车音乐台	https://lhttp.qtfm.cn/live/21265/64k.mp3	0
南通音乐广播	https://lhttp.qtfm.cn/live/21275/64k.mp3	0
南通新闻广播	https://lhttp.qtfm.cn/live/21277/64k.mp3	0
南通私家车广播	https://lhttp.qtfm.cn/live/21327/64k.mp3	0
南通交通广播	https://lhttp.qtfm.cn/live/5021533/64k.mp3	0
张家港市融媒体中心综合广播	https://lhttp.qtfm.cn/live/5021877/64k.mp3	0
淮安车生活广播	https://lhttp.qtfm.cn/live/5021970/64k.mp3	0
FM89.1吴江综合广播	https://lhttp.qtfm.cn/live/5022050/64k.mp3	0
盐城音乐广播	https://lhttp.qtfm.cn/live/5022380/64k.mp3	0
宝应人民广播电台	https://lhttp.qtfm.cn/live/5022457/64k.mp3	0
扬州电台江都广播	https://lhttp.qtfm.cn/live/5022636/64k.mp3	0
海门交通音乐电台	https://lhttp.qtfm.cn/live/5022640/64k.mp3	0
靖江交通音乐广播	https://lhttp.qtfm.cn/live/15318120/64k.mp3	0
徐州经典音乐FM942	https://lhttp.qtfm.cn/live/15318160/64k.mp3	0
淮安经典992	https://lhttp.qtfm.cn/live/15318398/64k.mp3	0
金湖人民广播电台	https://lhttp.qtfm.cn/live/15318464/64k.mp3	0
如皋汽车广播	https://lhttp.qtfm.cn/live/20207734/64k.mp3	0
979丹阳之声	https://lhttp.qtfm.cn/live/20207749/64k.mp3	0
阜宁人民广播	https://lhttp.qtfm.cn/live/20207753/64k.mp3	0
太仓人民广播电台	https://lhttp.qtfm.cn/live/20207759/64k.mp3	0
滨海1029	https://lhttp.qtfm.cn/live/20207779/64k.mp3	0
通州人民广播电台	https://lhttp.qtfm.cn/live/20211586/64k.mp3	0
苏州戏曲广播	https://lhttp.qtfm.cn/live/20211622/64k.mp3	0
徐州广播FM105	https://lhttp.qtfm.cn/live/20211623/64k.mp3	0
FM96.7	https://lhttp.qtfm.cn/live/20211632/64k.mp3	0
大丰FM95.1	https://lhttp.qtfm.cn/live/20211708/64k.mp3	0
东台广电FM96.3	https://lhttp.qtfm.cn/live/20212392/64k.mp3	0
麻辣966	https://lhttp.qtfm.cn/live/20212393/64k.mp3	0
盱眙县融媒体中心综合广播	https://lhttp.qtfm.cn/live/20500051/64k.mp3	0
宁听FM885	https://lhttp.qtfm.cn/live/20500075/64k.mp3	0
沛县综合广播	https://lhttp.qtfm.cn/live/20500173/64k.mp3	0
贵州旅游广播	https://lhttp.qtfm.cn/live/20059/64k.mp3	0
贵州经济广播	https://lhttp.qtfm.cn/live/20065/64k.mp3	0
贵州交通广播	https://lhttp.qtfm.cn/live/20057/64k.mp3	0
贵州广播电视台综合广播	https://lhttp.qtfm.cn/live/20063/64k.mp3	0
贵州FM91.6音乐广播	https://lhttp.qtfm.cn/live/20067/64k.mp3	0
六盘水交通广播	https://lhttp.qtfm.cn/live/5021865/64k.mp3	0
FM102.7贵阳交通广播	https://lhttp.qtfm.cn/live/1774/64k.mp3	0
织金人民广播电台综合广播	https://lhttp.qtfm.cn/live/20500037/64k.mp3	0
贵阳新闻综合广播	https://lhttp.qtfm.cn/live/1773/64k.mp3	0
贵阳广播电视台旅游生活广播	https://lhttp.qtfm.cn/live/4874/64k.mp3	0
黔西南FM107.9综合广播	https://lhttp.qtfm.cn/live/5045/64k.mp3	0
黔西南FM88.3交通旅游广播	https://lhttp.qtfm.cn/live/5046/64k.mp3	0
黔东南新闻综合广播	https://lhttp.qtfm.cn/live/5047/64k.mp3	0
遵义交通文艺广播 FM94.1	https://lhttp.qtfm.cn/live/20741/64k.mp3	0
七星关综合广播	https://lhttp.qtfm.cn/live/5021866/64k.mp3	0
凯里人民广播电台	https://lhttp.qtfm.cn/live/5022045/64k.mp3	0
遵义综合广播FM89.8	https://lhttp.qtfm.cn/live/5022080/64k.mp3	0
遵义旅游生活广播	https://lhttp.qtfm.cn/live/5022083/64k.mp3	0
安顺交通广播Fm102.9	https://lhttp.qtfm.cn/live/5022202/64k.mp3	0
安顺新闻综合广播FM105.9	https://lhttp.qtfm.cn/live/5022203/64k.mp3	0
黔东南交通广播 Fm89.8	https://lhttp.qtfm.cn/live/5022285/64k.mp3	0
威宁阳光945	https://lhttp.qtfm.cn/live/5022342/64k.mp3	0
毕节交通音乐广播	https://lhttp.qtfm.cn/live/5022712/64k.mp3	0
FM98.0黔南广播	https://lhttp.qtfm.cn/live/5022717/64k.mp3	0
习水新闻综合广播FM908	https://lhttp.qtfm.cn/live/15318201/64k.mp3	0
铜仁综合广播	https://lhttp.qtfm.cn/live/15318695/64k.mp3	0
铜仁交通旅游广播	https://lhttp.qtfm.cn/live/20211615/64k.mp3	0
六盘水广播电视台综合广播	https://lhttp.qtfm.cn/live/20211616/64k.mp3	0
桐梓人民广播电台—娄山之声	https://lhttp.qtfm.cn/live/20212410/64k.mp3	0
兴义之声	https://lhttp.qtfm.cn/live/20500110/64k.mp3	0
龙广新闻台	https://lhttp.qtfm.cn/live/4974/64k.mp3	0
龙广都市女性台	https://lhttp.qtfm.cn/live/4968/64k.mp3	0
陕西都市广播	https://lhttp.qtfm.cn/live/1609/64k.mp3	0
嵊州电台FM100.3	https://lhttp.qtfm.cn/live/20500010/64k.mp3	0
辽宁乡村广播	https://lhttp.qtfm.cn/live/20018/64k.mp3	0
嘉兴综合广播	https://lhttp.qtfm.cn/live/1154/64k.mp3	0
阳泉交通广播	https://lhttp.qtfm.cn/live/15318165/64k.mp3	0
新县FM106.2	https://lhttp.qtfm.cn/live/20500056/64k.mp3	0
中波954老朋友广播	https://lhttp.qtfm.cn/live/1132/64k.mp3	0
山东广播电视台综合广播	https://lhttp.qtfm.cn/live/20234/64k.mp3	0
兴宁市融媒体中心综合广播	https://lhttp.qtfm.cn/live/20500218/64k.mp3	0
鸡西交通广播	https://lhttp.qtfm.cn/live/20500087/64k.mp3	0
漯河交通广播	https://lhttp.qtfm.cn/live/5022452/64k.mp3	0
四川交通广播FM101.7	https://lhttp.qtfm.cn/live/4886/64k.mp3	0
佳木斯文艺交通广播	https://lhttp.qtfm.cn/live/20500022/64k.mp3	0
邵阳经济广播	https://lhttp.qtfm.cn/live/20500058/64k.mp3	0
生活1015	https://lhttp.qtfm.cn/live/1499/64k.mp3	0
广西970女主播电台	https://lhttp.qtfm.cn/live/1754/64k.mp3	0
安岳人民广播电台&quot;柠都之声&quot;FM98.0	https://lhttp.qtfm.cn/live/5022417/64k.mp3	0
黄石交通广播	https://lhttp.qtfm.cn/live/3964/64k.mp3	0
青海交通音乐	https://lhttp.qtfm.cn/live/5009/64k.mp3	0
无锡交通广播	https://lhttp.qtfm.cn/live/2780/64k.mp3	0
山东音乐广播	https://lhttp.qtfm.cn/live/1665/64k.mp3	0
山东文艺广播	https://lhttp.qtfm.cn/live/20238/64k.mp3	0
山东经济广播	https://lhttp.qtfm.cn/live/20236/64k.mp3	0
山东经典音乐广播	https://lhttp.qtfm.cn/live/20240/64k.mp3	0
山东广播电视台综合广播	https://lhttp.qtfm.cn/live/20234/64k.mp3	0
济南音乐广播FM88.7	https://lhttp.qtfm.cn/live/1671/64k.mp3	0
威海交通广播	https://lhttp.qtfm.cn/live/20671/64k.mp3	0
阳信人民广播电台	https://lhttp.qtfm.cn/live/5021991/64k.mp3	0
曹县融媒体中心综合广播FM93.3	https://lhttp.qtfm.cn/live/5022340/64k.mp3	0
赣榆区融媒体中心综合广播	https://lhttp.qtfm.cn/live/20500216/64k.mp3	0
徐州经典音乐FM942	https://lhttp.qtfm.cn/live/15318160/64k.mp3	0
青州人民广播电台	https://lhttp.qtfm.cn/live/5022633/64k.mp3	0
济南新闻广播	https://lhttp.qtfm.cn/live/1667/64k.mp3	0
济南经济广播	https://lhttp.qtfm.cn/live/1668/64k.mp3	0
济南交通广播	https://lhttp.qtfm.cn/live/1669/64k.mp3	0
936私家车广播	https://lhttp.qtfm.cn/live/1670/64k.mp3	0
济南故事广播	https://lhttp.qtfm.cn/live/1672/64k.mp3	0
青岛新闻广播	https://lhttp.qtfm.cn/live/1673/64k.mp3	0
青岛经济广播	https://lhttp.qtfm.cn/live/1674/64k.mp3	0
青岛文艺广播	https://lhttp.qtfm.cn/live/1675/64k.mp3	0
青岛交通广播	https://lhttp.qtfm.cn/live/1676/64k.mp3	0
青岛音乐体育广播	https://lhttp.qtfm.cn/live/1677/64k.mp3	0
淄博综合广播	https://lhttp.qtfm.cn/live/1678/64k.mp3	0
淄博私家车广播  FM106.7	https://lhttp.qtfm.cn/live/1679/64k.mp3	0
淄博交通音乐广播	https://lhttp.qtfm.cn/live/1680/64k.mp3	0
烟台综合广播FM101	https://lhttp.qtfm.cn/live/1682/64k.mp3	0
烟台音乐广播FM105.9	https://lhttp.qtfm.cn/live/1683/64k.mp3	0
烟台交通广播FM103	https://lhttp.qtfm.cn/live/1684/64k.mp3	0
枣庄综合广播	https://lhttp.qtfm.cn/live/1686/64k.mp3	0
枣庄经济生活广播	https://lhttp.qtfm.cn/live/1687/64k.mp3	0
枣庄交通文艺广播	https://lhttp.qtfm.cn/live/1688/64k.mp3	0
动感955	https://lhttp.qtfm.cn/live/1689/64k.mp3	0
临沂综合广播	https://lhttp.qtfm.cn/live/3992/64k.mp3	0
临沂交通旅游广播	https://lhttp.qtfm.cn/live/3993/64k.mp3	0
财富932私家车广播	https://lhttp.qtfm.cn/live/3994/64k.mp3	0
都市101经济广播	https://lhttp.qtfm.cn/live/3995/64k.mp3	0
FM107济宁生活广播	https://lhttp.qtfm.cn/live/4008/64k.mp3	0
FM107潍坊交通广播	https://lhttp.qtfm.cn/live/4014/64k.mp3	0
临沂音乐广播	https://lhttp.qtfm.cn/live/4017/64k.mp3	0
潍坊982广播电台	https://lhttp.qtfm.cn/live/4865/64k.mp3	0
FM101.8济宁综合广播	https://lhttp.qtfm.cn/live/4901/64k.mp3	0
FM95.2青岛故事广播	https://lhttp.qtfm.cn/live/4956/64k.mp3	0
济宁交通广播	https://lhttp.qtfm.cn/live/20087/64k.mp3	0
东营交通音乐广播FM98.4	https://lhttp.qtfm.cn/live/20142/64k.mp3	0
东营综合广播	https://lhttp.qtfm.cn/live/20144/64k.mp3	0
FM92.6 综合广播	https://lhttp.qtfm.cn/live/20176/64k.mp3	0
潍坊新闻广播	https://lhttp.qtfm.cn/live/20320/64k.mp3	0
FM93.1滨州交通音乐广播	https://lhttp.qtfm.cn/live/20519/64k.mp3	0
威海新闻电台	https://lhttp.qtfm.cn/live/20669/64k.mp3	0
即墨融媒综合广播	https://lhttp.qtfm.cn/live/20807/64k.mp3	0
潍坊933经济广播	https://lhttp.qtfm.cn/live/20839/64k.mp3	0
菏泽音乐广播	https://lhttp.qtfm.cn/live/21175/64k.mp3	0
105.7滨州文艺音乐广播	https://lhttp.qtfm.cn/live/21341/64k.mp3	0
滨州综合广播	https://lhttp.qtfm.cn/live/5021395/64k.mp3	0
FM91.1邹平人民广播电台	https://lhttp.qtfm.cn/live/5022097/64k.mp3	0
无棣人民广播电台	https://lhttp.qtfm.cn/live/5022198/64k.mp3	0
聊城经济广播	https://lhttp.qtfm.cn/live/5022262/64k.mp3	0
聊城交通广播	https://lhttp.qtfm.cn/live/5022263/64k.mp3	0
聊城综合广播	https://lhttp.qtfm.cn/live/5022264/64k.mp3	0
FM97.4济南都市广播	https://lhttp.qtfm.cn/live/5022333/64k.mp3	0
FM898汽车音乐广播	https://lhttp.qtfm.cn/live/5022382/64k.mp3	0
庆云融媒综合广播	https://lhttp.qtfm.cn/live/5022403/64k.mp3	0
青岛广播爱车940	https://lhttp.qtfm.cn/live/5022537/64k.mp3	0
滕州广播电视台FM99.8	https://lhttp.qtfm.cn/live/5022611/64k.mp3	0
牡丹之声手机广播	https://lhttp.qtfm.cn/live/15318316/64k.mp3	0
蒙阴人民广播电台	https://lhttp.qtfm.cn/live/15318571/64k.mp3	0
FM90.7威海音乐广播	https://lhttp.qtfm.cn/live/15318612/64k.mp3	0
FM88.1潍坊音乐广播	https://lhttp.qtfm.cn/live/15318631/64k.mp3	0
FM96.1邹城之声	https://lhttp.qtfm.cn/live/20207732/64k.mp3	0
东营生活广播	https://lhttp.qtfm.cn/live/20211580/64k.mp3	0
淄川1055广播	https://lhttp.qtfm.cn/live/20211598/64k.mp3	0
成武人民广播电台	https://lhttp.qtfm.cn/live/20211637/64k.mp3	0
胶州875	https://lhttp.qtfm.cn/live/20211644/64k.mp3	0
经典流行音乐动感904	https://lhttp.qtfm.cn/live/20211680/64k.mp3	0
潍坊1008城市之声	https://lhttp.qtfm.cn/live/20211696/64k.mp3	0
临淄人民广播电台	https://lhttp.qtfm.cn/live/20212204/64k.mp3	0
章丘之声	https://lhttp.qtfm.cn/live/20212207/64k.mp3	0
FM92.4安丘924	https://lhttp.qtfm.cn/live/20212216/64k.mp3	0
菏泽新闻广播	https://lhttp.qtfm.cn/live/20212293/64k.mp3	0
菏泽交通广播	https://lhttp.qtfm.cn/live/20212294/64k.mp3	0
高密955	https://lhttp.qtfm.cn/live/20212417/64k.mp3	0
崂山921	https://lhttp.qtfm.cn/live/20212426/64k.mp3	0
临朐广播电视台FM102.3	https://lhttp.qtfm.cn/live/20500033/64k.mp3	0
广饶人民广播电台FM103.9	https://lhttp.qtfm.cn/live/20500036/64k.mp3	0
声动970	https://lhttp.qtfm.cn/live/20500047/64k.mp3	0
经典音乐广播FM94.8	https://lhttp.qtfm.cn/live/20500097/64k.mp3	0
FM88.8故事广播	https://lhttp.qtfm.cn/live/20500098/64k.mp3	0
岁月如歌940	https://lhttp.qtfm.cn/live/20500117/64k.mp3	0
利津广播电视台FM106.2	https://lhttp.qtfm.cn/live/20500138/64k.mp3	0
寿光市融媒体中心综合广播	https://lhttp.qtfm.cn/live/20500211/64k.mp3	0
河北故事广播	https://lhttp.qtfm.cn/live/1645/64k.mp3	0
河北音乐广播	https://lhttp.qtfm.cn/live/1649/64k.mp3	0
河北农民广播	https://lhttp.qtfm.cn/live/1650/64k.mp3	0
河北生活广播	https://lhttp.qtfm.cn/live/4867/64k.mp3	0
河北文艺广播	https://lhttp.qtfm.cn/live/4868/64k.mp3	0
河北综合广播	https://lhttp.qtfm.cn/live/20500111/64k.mp3	0
河北交通广播	https://lhttp.qtfm.cn/live/1646/64k.mp3	0
河北旅游文化广播	https://lhttp.qtfm.cn/live/1651/64k.mp3	0
河北新闻广播	https://lhttp.qtfm.cn/live/1644/64k.mp3	0
FM107.9	https://lhttp.qtfm.cn/live/20500225/64k.mp3	0
任丘融媒体中心综合广播	https://lhttp.qtfm.cn/live/5022470/64k.mp3	0
涉县交通音乐广播	https://lhttp.qtfm.cn/live/20211631/64k.mp3	0
河间市融媒体中心综合广播	https://lhttp.qtfm.cn/live/15318503/64k.mp3	0
石家庄新闻广播	https://lhttp.qtfm.cn/live/1652/64k.mp3	0
石家庄经济广播	https://lhttp.qtfm.cn/live/1653/64k.mp3	0
石家庄音乐广播	https://lhttp.qtfm.cn/live/1654/64k.mp3	0
石家庄交通广播	https://lhttp.qtfm.cn/live/1655/64k.mp3	0
唐山新闻综合	https://lhttp.qtfm.cn/live/1657/64k.mp3	0
唐山交通文艺	https://lhttp.qtfm.cn/live/1659/64k.mp3	0
唐山小说娱乐广播	https://lhttp.qtfm.cn/live/1660/64k.mp3	0
畅行951	https://lhttp.qtfm.cn/live/3948/64k.mp3	0
邯郸交通广播	https://lhttp.qtfm.cn/live/3950/64k.mp3	0
邯郸都市生活广播	https://lhttp.qtfm.cn/live/3951/64k.mp3	0
沧州交通广播	https://lhttp.qtfm.cn/live/3954/64k.mp3	0
邯郸音乐广播	https://lhttp.qtfm.cn/live/4601/64k.mp3	0
唐山音乐广播	https://lhttp.qtfm.cn/live/4871/64k.mp3	0
邯郸新闻综合广播	https://lhttp.qtfm.cn/live/5072/64k.mp3	0
FM99.8保定经济广播	https://lhttp.qtfm.cn/live/20166/64k.mp3	0
保定交通广播	https://lhttp.qtfm.cn/live/20168/64k.mp3	0
保定城市服务广播 1016为爱停留	https://lhttp.qtfm.cn/live/20406/64k.mp3	0
秦皇岛音乐广播	https://lhttp.qtfm.cn/live/20835/64k.mp3	0
秦皇岛交通广播	https://lhttp.qtfm.cn/live/20849/64k.mp3	0
秦皇岛新闻综合广播	https://lhttp.qtfm.cn/live/20855/64k.mp3	0
秦皇岛生活广播	https://lhttp.qtfm.cn/live/20857/64k.mp3	0
秦皇岛1038私家车广播	https://lhttp.qtfm.cn/live/20859/64k.mp3	0
张家口旅游广播	https://lhttp.qtfm.cn/live/5021507/64k.mp3	0
怀旧金曲964	https://lhttp.qtfm.cn/live/5021555/64k.mp3	0
汽车音乐台	https://lhttp.qtfm.cn/live/5021743/64k.mp3	0
张家口986音乐广播	https://lhttp.qtfm.cn/live/5021801/64k.mp3	0
保定1058飞扬调频汽车音乐广播	https://lhttp.qtfm.cn/live/5021803/64k.mp3	0
衡水湖城之声961	https://lhttp.qtfm.cn/live/5021857/64k.mp3	0
沧州新闻广播	https://lhttp.qtfm.cn/live/5021901/64k.mp3	0
沧州音乐广播FM103.6	https://lhttp.qtfm.cn/live/5021902/64k.mp3	0
张家口交通广播	https://lhttp.qtfm.cn/live/5021910/64k.mp3	0
沧州1058汽车音乐广播	https://lhttp.qtfm.cn/live/5021914/64k.mp3	0
衡水交通广播925	https://lhttp.qtfm.cn/live/5021940/64k.mp3	0
辛集融媒体中心综合广播	https://lhttp.qtfm.cn/live/5021959/64k.mp3	0
年代965经典音乐广播	https://lhttp.qtfm.cn/live/5022038/64k.mp3	0
衡水综合广播	https://lhttp.qtfm.cn/live/5022040/64k.mp3	0
保定新闻广播	https://lhttp.qtfm.cn/live/5022440/64k.mp3	0
武安融媒综合广播	https://lhttp.qtfm.cn/live/5022474/64k.mp3	0
邢台爱在104	https://lhttp.qtfm.cn/live/5022484/64k.mp3	0
沧州1023都市广播	https://lhttp.qtfm.cn/live/5022536/64k.mp3	0
献县人民广播电台	https://lhttp.qtfm.cn/live/5022603/64k.mp3	0
怀来人民广播电台 FM95.4	https://lhttp.qtfm.cn/live/5022643/64k.mp3	0
承德旅游生活广播	https://lhttp.qtfm.cn/live/15318158/64k.mp3	0
976承德交通文艺广播	https://lhttp.qtfm.cn/live/15318216/64k.mp3	0
邢台经济生活广播	https://lhttp.qtfm.cn/live/15318265/64k.mp3	0
张家口1074综合广播	https://lhttp.qtfm.cn/live/15318285/64k.mp3	0
欢乐调频	https://lhttp.qtfm.cn/live/15318317/64k.mp3	0
唐山经济生活广播	https://lhttp.qtfm.cn/live/15318431/64k.mp3	0
邢台交通音乐广播	https://lhttp.qtfm.cn/live/15318481/64k.mp3	0
动听913（宣化区融媒体中心综合广播）	https://lhttp.qtfm.cn/live/15318538/64k.mp3	0
交通933	https://lhttp.qtfm.cn/live/20211627/64k.mp3	0
邢台综合广播	https://lhttp.qtfm.cn/live/20211628/64k.mp3	0
定州融媒体中心综合广播	https://lhttp.qtfm.cn/live/20211638/64k.mp3	0
FM93.0霸州汽车音乐广播	https://lhttp.qtfm.cn/live/20211658/64k.mp3	0
FM873犀牛电台	https://lhttp.qtfm.cn/live/20211668/64k.mp3	0
廊坊飞扬105	https://lhttp.qtfm.cn/live/20211678/64k.mp3	0
久久金曲 FM99.9	https://lhttp.qtfm.cn/live/20211694/64k.mp3	0
青春调频 FM105.4	https://lhttp.qtfm.cn/live/20212203/64k.mp3	0
经典音乐 FM90.5	https://lhttp.qtfm.cn/live/20212269/64k.mp3	0
FM106.2邢台信都融媒广播	https://lhttp.qtfm.cn/live/20500096/64k.mp3	0
肥乡人民广播电台	https://lhttp.qtfm.cn/live/20500104/64k.mp3	0
FM106峰峰人民广播电台	https://lhttp.qtfm.cn/live/20500109/64k.mp3	0
fm901磁县融媒综合广播	https://lhttp.qtfm.cn/live/20500116/64k.mp3	0
泊头人民广播电台	https://lhttp.qtfm.cn/live/20500164/64k.mp3	0
肃宁融媒体中心综合广播	https://lhttp.qtfm.cn/live/20500183/64k.mp3	0
经典913	https://lhttp.qtfm.cn/live/20500222/64k.mp3	0
fm901磁县融媒综合广播	https://lhttp.qtfm.cn/live/20500116/64k.mp3	0
泊头人民广播电台	https://lhttp.qtfm.cn/live/20500164/64k.mp3	0
肃宁融媒体中心综合广播	https://lhttp.qtfm.cn/live/20500183/64k.mp3	0
经典913	https://lhttp.qtfm.cn/live/20500222/64k.mp3	0
广东交通之声	https://lhttp.qtfm.cn/live/1262/64k.mp3	0
广东新闻广播	https://lhttp.qtfm.cn/live/1254/64k.mp3	0
广东珠江经济电台	https://lhttp.qtfm.cn/live/1259/64k.mp3	0
广东音乐之声	https://lhttp.qtfm.cn/live/1260/64k.mp3	0
广东城市之声	https://lhttp.qtfm.cn/live/469/64k.mp3	0
广东南方生活广播	https://lhttp.qtfm.cn/live/468/64k.mp3	0
广东广播电视台股市广播	https://lhttp.qtfm.cn/live/4847/64k.mp3	0
广东广播电视台珠江之声	https://lhttp.qtfm.cn/live/470/64k.mp3	0
广东广播电视台文体广播	https://lhttp.qtfm.cn/live/471/64k.mp3	0
AsiaFM 亚洲粤语台	https://lhttp.qtfm.cn/live/15318569/64k.mp3	0
湾区音乐台	https://lhttp.qtfm.cn/live/20500163/64k.mp3	0
潮州戏曲广播	https://lhttp.qtfm.cn/live/4595/64k.mp3	0
肇庆高新区广播	https://lhttp.qtfm.cn/live/20500213/64k.mp3	0
钦州新闻综合广播	https://lhttp.qtfm.cn/live/5042/64k.mp3	0
梅州广播电视台综合广播	https://lhttp.qtfm.cn/live/1257/64k.mp3	0
梅州电台交通广播	https://lhttp.qtfm.cn/live/1258/64k.mp3	0
花都广播电台	https://lhttp.qtfm.cn/live/1263/64k.mp3	0
深圳先锋898	https://lhttp.qtfm.cn/live/1270/64k.mp3	0
深圳飞扬971	https://lhttp.qtfm.cn/live/1271/64k.mp3	0
深圳交通频率	https://lhttp.qtfm.cn/live/1272/64k.mp3	0
深圳生活广播	https://lhttp.qtfm.cn/live/1273/64k.mp3	0
珠海电台先锋951	https://lhttp.qtfm.cn/live/1274/64k.mp3	0
珠海电台交通875	https://lhttp.qtfm.cn/live/1275/64k.mp3	0
东莞综合广播	https://lhttp.qtfm.cn/live/1276/64k.mp3	0
中山电台新锐967	https://lhttp.qtfm.cn/live/1277/64k.mp3	0
中山电台快乐888	https://lhttp.qtfm.cn/live/1278/64k.mp3	0
江门人民广播电台综合广播	https://lhttp.qtfm.cn/live/1282/64k.mp3	0
江门旅游之声	https://lhttp.qtfm.cn/live/1283/64k.mp3	0
遂溪人民广播电台	https://lhttp.qtfm.cn/live/1284/64k.mp3	0
鹤山电台	https://lhttp.qtfm.cn/live/1286/64k.mp3	0
东莞交通广播	https://lhttp.qtfm.cn/live/1288/64k.mp3	0
潮州交通音乐广播	https://lhttp.qtfm.cn/live/4594/64k.mp3	0
潮州综合频率	https://lhttp.qtfm.cn/live/4596/64k.mp3	0
广州新闻资讯广播	https://lhttp.qtfm.cn/live/4848/64k.mp3	0
广州交通广播	https://lhttp.qtfm.cn/live/4955/64k.mp3	0
惠州综合广播FM100	https://lhttp.qtfm.cn/live/5016/64k.mp3	0
988惠州经济环保广播	https://lhttp.qtfm.cn/live/5017/64k.mp3	0
开平广播电台	https://lhttp.qtfm.cn/live/5037/64k.mp3	0
新会人民广播电台	https://lhttp.qtfm.cn/live/5061/64k.mp3	0
湛江经济广播	https://lhttp.qtfm.cn/live/5069/64k.mp3	0
龙岗广播FM99.1	https://lhttp.qtfm.cn/live/20160/64k.mp3	0
广州汽车音乐电台	https://lhttp.qtfm.cn/live/20192/64k.mp3	0
广州MYFM 88.0	https://lhttp.qtfm.cn/live/20194/64k.mp3	0
湛江广播电视台交通音乐广播	https://lhttp.qtfm.cn/live/20472/64k.mp3	0
湛江广播电视台综合广播	https://lhttp.qtfm.cn/live/20617/64k.mp3	0
恩平FM97.7	https://lhttp.qtfm.cn/live/20701/64k.mp3	0
惠州音乐广播	https://lhttp.qtfm.cn/live/5021523/64k.mp3	0
珠海电台活力915	https://lhttp.qtfm.cn/live/5021725/64k.mp3	0
客都之声 FM103.9	https://lhttp.qtfm.cn/live/5021942/64k.mp3	0
FM904台山人民广播电台	https://lhttp.qtfm.cn/live/5022062/64k.mp3	0
韶关综合广播	https://lhttp.qtfm.cn/live/5022074/64k.mp3	0
英德电台	https://lhttp.qtfm.cn/live/5022392/64k.mp3	0
澄海人民广播电台	https://lhttp.qtfm.cn/live/5022439/64k.mp3	0
云浮电台交通音乐广播	https://lhttp.qtfm.cn/live/5022441/64k.mp3	0
云浮电台综合广播	https://lhttp.qtfm.cn/live/5022442/64k.mp3	0
普宁人民广播电台	https://lhttp.qtfm.cn/live/5022527/64k.mp3	0
佛冈电台	https://lhttp.qtfm.cn/live/15318379/64k.mp3	0
阳江旅游环保广播	https://lhttp.qtfm.cn/live/15318428/64k.mp3	0
阳江综合资讯广播	https://lhttp.qtfm.cn/live/15318429/64k.mp3	0
珠海斗门电台	https://lhttp.qtfm.cn/live/15318432/64k.mp3	0
FM88.7 清远综合广播	https://lhttp.qtfm.cn/live/15318668/64k.mp3	0
FM97.8清远农村广播	https://lhttp.qtfm.cn/live/15318679/64k.mp3	0
化州人民广播电台	https://lhttp.qtfm.cn/live/15318689/64k.mp3	0
从化广播电视台综合广播	https://lhttp.qtfm.cn/live/15318698/64k.mp3	0
FM93.5 茂名交通广播	https://lhttp.qtfm.cn/live/20211574/64k.mp3	0
廉江人民广播电台	https://lhttp.qtfm.cn/live/20211578/64k.mp3	0
新兴电台	https://lhttp.qtfm.cn/live/20211602/64k.mp3	0
吴川人民广播电台	https://lhttp.qtfm.cn/live/20211643/64k.mp3	0
增城电台FM89.0	https://lhttp.qtfm.cn/live/20211702/64k.mp3	0
番禺电台畅快1017	https://lhttp.qtfm.cn/live/20212427/64k.mp3	0
FM95.9清远交通音乐广播	https://lhttp.qtfm.cn/live/20500067/64k.mp3	0
兴宁市融媒体中心综合广播	https://lhttp.qtfm.cn/live/20500218/64k.mp3	0
宜春新闻综合广播	https://lhttp.qtfm.cn/live/20212205/64k.mp3	0
岳阳新闻综合广播	https://lhttp.qtfm.cn/live/20989/64k.mp3	0
邵阳综合广播	https://lhttp.qtfm.cn/live/20148/64k.mp3	0
株洲交通广播	https://lhttp.qtfm.cn/live/3971/64k.mp3	0
长沙FM101.7城市之声	https://lhttp.qtfm.cn/live/4237/64k.mp3	0
FM105.0长沙新闻广播	https://lhttp.qtfm.cn/live/4877/64k.mp3	0
FM102.2亲子智慧电台	https://lhttp.qtfm.cn/live/4930/64k.mp3	0
1061长沙交通广播	https://lhttp.qtfm.cn/live/3967/64k.mp3	0
FM99.7 益阳电台综合频道	https://lhttp.qtfm.cn/live/20314/64k.mp3	0
郴州综合广播	https://lhttp.qtfm.cn/live/20489/64k.mp3	0
娄底交通广播	https://lhttp.qtfm.cn/live/20507/64k.mp3	0
FM88.6长沙音乐广播	https://lhttp.qtfm.cn/live/20847/64k.mp3	0
1028郴州交通旅游广播	https://lhttp.qtfm.cn/live/20867/64k.mp3	0
岳阳交通广播	https://lhttp.qtfm.cn/live/20987/64k.mp3	0
娄底综合广播	https://lhttp.qtfm.cn/live/21213/64k.mp3	0
衡阳县融媒体中心综合广播FM105.6	https://lhttp.qtfm.cn/live/21229/64k.mp3	0
FM104.2湘潭交通广播	https://lhttp.qtfm.cn/live/21269/64k.mp3	0
FM106.8常德鼎广电台	https://lhttp.qtfm.cn/live/5021860/64k.mp3	0
怀化电台综合广播	https://lhttp.qtfm.cn/live/5022069/64k.mp3	0
怀化交通广播	https://lhttp.qtfm.cn/live/5022070/64k.mp3	0
长沙925电台	https://lhttp.qtfm.cn/live/5022076/64k.mp3	0
Easy Fm	https://lhttp.qtfm.cn/live/5022391/64k.mp3	0
好朋友926音乐电台	https://lhttp.qtfm.cn/live/5022413/64k.mp3	0
浏阳99.5交通广播	https://lhttp.qtfm.cn/live/5022710/64k.mp3	0
FM88.1 益阳电台交通频道	https://lhttp.qtfm.cn/live/15318153/64k.mp3	0
FM104.7澧县广播电台	https://lhttp.qtfm.cn/live/15318178/64k.mp3	0
湘乡广播电台龙城之声	https://lhttp.qtfm.cn/live/15318180/64k.mp3	0
FM105.6 常德综合广播	https://lhttp.qtfm.cn/live/15318208/64k.mp3	0
FM97.1常德交通广播	https://lhttp.qtfm.cn/live/15318209/64k.mp3	0
衡阳交通经济广播	https://lhttp.qtfm.cn/live/15318385/64k.mp3	0
衡阳综合广播	https://lhttp.qtfm.cn/live/15318386/64k.mp3	0
FM88.2湘潭新闻综合广播	https://lhttp.qtfm.cn/live/15318549/64k.mp3	0
永州新闻综合广播电台	https://lhttp.qtfm.cn/live/15318594/64k.mp3	0
FM99.6宜章县广播电视台综合广播	https://lhttp.qtfm.cn/live/15318691/64k.mp3	0
邵阳经济广播	https://lhttp.qtfm.cn/live/20500058/64k.mp3	0
桃江人民广播电台	https://lhttp.qtfm.cn/live/20500086/64k.mp3	0
福建经济广播	https://lhttp.qtfm.cn/live/1732/64k.mp3	0
福建音乐广播	https://lhttp.qtfm.cn/live/4585/64k.mp3	0
福建新闻广播	https://lhttp.qtfm.cn/live/1731/64k.mp3	0
福建交通广播	https://lhttp.qtfm.cn/live/1733/64k.mp3	0
福建987私家车广播	https://lhttp.qtfm.cn/live/1736/64k.mp3	0
厦门音乐广播	https://lhttp.qtfm.cn/live/1739/64k.mp3	0
云霄人民广播电台	https://lhttp.qtfm.cn/live/20500106/64k.mp3	0
893音乐广播	https://lhttp.qtfm.cn/live/4846/64k.mp3	0
厦门综合广播	https://lhttp.qtfm.cn/live/1737/64k.mp3	0
厦门交通旅游广播	https://lhttp.qtfm.cn/live/1738/64k.mp3	0
厦门闽南之声广播	https://lhttp.qtfm.cn/live/1740/64k.mp3	0
漳州人民广播电台综合广播	https://lhttp.qtfm.cn/live/1742/64k.mp3	0
漳州人民广播电台交通广播	https://lhttp.qtfm.cn/live/1743/64k.mp3	0
海峡之声广播电台	https://lhttp.qtfm.cn/live/1744/64k.mp3	0
福州人民广播电台左海之声	https://lhttp.qtfm.cn/live/3937/64k.mp3	0
福州新闻广播	https://lhttp.qtfm.cn/live/5025/64k.mp3	0
福州交通之声	https://lhttp.qtfm.cn/live/5026/64k.mp3	0
龙岩电台综合广播	https://lhttp.qtfm.cn/live/20709/64k.mp3	0
FM881南安广播电视台综合广播	https://lhttp.qtfm.cn/live/5021731/64k.mp3	0
沙溪之声995	https://lhttp.qtfm.cn/live/5021998/64k.mp3	0
三明新闻综合广播	https://lhttp.qtfm.cn/live/5022100/64k.mp3	0
安溪人民广播电台	https://lhttp.qtfm.cn/live/5022135/64k.mp3	0
泉州刺桐之声	https://lhttp.qtfm.cn/live/5022360/64k.mp3	0
厦门892集美广播	https://lhttp.qtfm.cn/live/5022479/64k.mp3	0
漳浦广播电视台综合广播	https://lhttp.qtfm.cn/live/5022658/64k.mp3	0
泉州904交通之声	https://lhttp.qtfm.cn/live/15318189/64k.mp3	0
泉州广播电视台889新闻综合广播	https://lhttp.qtfm.cn/live/15318346/64k.mp3	0
永安广播电视台综合广播	https://lhttp.qtfm.cn/live/15318388/64k.mp3	0
诏安广播电视台综合广播	https://lhttp.qtfm.cn/live/20500186/64k.mp3	0
山西农村广播	https://lhttp.qtfm.cn/live/1186/64k.mp3	0
山西音乐广播	https://lhttp.qtfm.cn/live/4932/64k.mp3	0
山西健康之声	https://lhttp.qtfm.cn/live/20470/64k.mp3	0
山西故事广播	https://lhttp.qtfm.cn/live/5022511/64k.mp3	0
880山西交通广播	https://lhttp.qtfm.cn/live/20007/64k.mp3	0
958电台山西经济广播	https://lhttp.qtfm.cn/live/20501/64k.mp3	0
山西综合广播FM904	https://lhttp.qtfm.cn/live/20491/64k.mp3	0
FM101.5山西文艺广播	https://lhttp.qtfm.cn/live/20485/64k.mp3	0
晋小爱公益之声	https://lhttp.qtfm.cn/live/20500021/64k.mp3	0
运城综合广播	https://lhttp.qtfm.cn/live/1190/64k.mp3	0
FM1026太原音乐广播	https://lhttp.qtfm.cn/live/1185/64k.mp3	0
晋城新闻综合广播FM1072	https://lhttp.qtfm.cn/live/1188/64k.mp3	0
晋城交通广播	https://lhttp.qtfm.cn/live/1189/64k.mp3	0
运城文艺广播	https://lhttp.qtfm.cn/live/1191/64k.mp3	0
FM1044太原经济广播	https://lhttp.qtfm.cn/live/4018/64k.mp3	0
吕梁综合广播	https://lhttp.qtfm.cn/live/4020/64k.mp3	0
吕梁交通广播	https://lhttp.qtfm.cn/live/4899/64k.mp3	0
FM107太原交通广播	https://lhttp.qtfm.cn/live/4900/64k.mp3	0
FM912太原综合广播	https://lhttp.qtfm.cn/live/20006/64k.mp3	0
晋城音乐广播魅力1021	https://lhttp.qtfm.cn/live/5021761/64k.mp3	0
长治交通广播	https://lhttp.qtfm.cn/live/5021851/64k.mp3	0
长治综合广播	https://lhttp.qtfm.cn/live/5021874/64k.mp3	0
大同交通广播	https://lhttp.qtfm.cn/live/5022396/64k.mp3	0
平定综合广播FM101.1	https://lhttp.qtfm.cn/live/5022407/64k.mp3	0
阳泉交通广播	https://lhttp.qtfm.cn/live/15318165/64k.mp3	0
金荔枝经典流行音乐	https://lhttp.qtfm.cn/live/15318194/64k.mp3	0
阳泉综合广播	https://lhttp.qtfm.cn/live/15318568/64k.mp3	0
阳泉最爱音乐台	https://lhttp.qtfm.cn/live/20211652/64k.mp3	0
大同经济文艺广播	https://lhttp.qtfm.cn/live/20211689/64k.mp3	0
大同广播电视台新闻综合广播	https://lhttp.qtfm.cn/live/20211690/64k.mp3	0
太原老年之声广播	https://lhttp.qtfm.cn/live/20211701/64k.mp3	0
FM104.1北岳之声	https://lhttp.qtfm.cn/live/20212209/64k.mp3	0
FM88.7垣曲人民 广播电台	https://lhttp.qtfm.cn/live/20500090/64k.mp3	0
吉林音乐广播	https://lhttp.qtfm.cn/live/1831/64k.mp3	0
吉林乡村广播	https://lhttp.qtfm.cn/live/3977/64k.mp3	0
吉林资讯广播	https://lhttp.qtfm.cn/live/3978/64k.mp3	0
吉林旅游广播	https://lhttp.qtfm.cn/live/20487/64k.mp3	0
吉林交通广播	https://lhttp.qtfm.cn/live/4945/64k.mp3	0
吉林健康娱乐广播	https://lhttp.qtfm.cn/live/4952/64k.mp3	0
吉林新闻综合广播	https://lhttp.qtfm.cn/live/4953/64k.mp3	0
吉林经济广播FM95.3AM846	https://lhttp.qtfm.cn/live/3976/64k.mp3	0
吉林市音乐广播	https://lhttp.qtfm.cn/live/20211679/64k.mp3	0
吉林市交通台 FM939	https://lhttp.qtfm.cn/live/1819/64k.mp3	0
吉林市广播电视台经济广播	https://lhttp.qtfm.cn/live/1823/64k.mp3	0
哈尔滨文艺广播	https://lhttp.qtfm.cn/live/20083/64k.mp3	0
长春广播电视台 FM88.0	https://lhttp.qtfm.cn/live/4850/64k.mp3	0
延边交通文艺广播	https://lhttp.qtfm.cn/live/4889/64k.mp3	0
长春交通之声	https://lhttp.qtfm.cn/live/4967/64k.mp3	0
1063城市生活广播	https://lhttp.qtfm.cn/live/4984/64k.mp3	0
长春新闻广播	https://lhttp.qtfm.cn/live/5013/64k.mp3	0
长春广播电视台 乐在90	https://lhttp.qtfm.cn/live/5014/64k.mp3	0
长春广播电视台 FM99.6	https://lhttp.qtfm.cn/live/5015/64k.mp3	0
松原新闻综合广播	https://lhttp.qtfm.cn/live/5079/64k.mp3	0
白山交通广播FM950	https://lhttp.qtfm.cn/live/5083/64k.mp3	0
魅力FM1008	https://lhttp.qtfm.cn/live/5021975/64k.mp3	0
????????	https://lhttp.qtfm.cn/live/5022144/64k.mp3	0
1046延边旅游生活广播	https://lhttp.qtfm.cn/live/5022438/64k.mp3	0
四平交通文艺台	https://lhttp.qtfm.cn/live/5022465/64k.mp3	0
延边新闻广播	https://lhttp.qtfm.cn/live/5022488/64k.mp3	0
梨树电台北方交通之声	https://lhttp.qtfm.cn/live/5022538/64k.mp3	0
四平综合广播	https://lhttp.qtfm.cn/live/15318197/64k.mp3	0
延吉交通之声	https://lhttp.qtfm.cn/live/15318331/64k.mp3	0
辉南综合广播	https://lhttp.qtfm.cn/live/20211566/64k.mp3	0
901综合文艺广播	https://lhttp.qtfm.cn/live/20211585/64k.mp3	0
松原交通文艺广播	https://lhttp.qtfm.cn/live/20212256/64k.mp3	0
伊通人民广播电台	https://lhttp.qtfm.cn/live/20500154/64k.mp3	0
辽宁综合广播——辽宁之声	https://lhttp.qtfm.cn/live/1103/64k.mp3	0
辽宁经济广播	https://lhttp.qtfm.cn/live/20019/64k.mp3	0
辽宁交通广播FM97.5	https://lhttp.qtfm.cn/live/20025/64k.mp3	0
辽宁乡村广播	https://lhttp.qtfm.cn/live/20018/64k.mp3	0
辽宁经典音乐广播	https://lhttp.qtfm.cn/live/20021/64k.mp3	0
辽宁资讯广播fm90.6大连分台	https://lhttp.qtfm.cn/live/5022018/64k.mp3	0
大连体育广播	https://lhttp.qtfm.cn/live/1085/64k.mp3	0
大连1067	https://lhttp.qtfm.cn/live/1084/64k.mp3	0
大连都市广播	https://lhttp.qtfm.cn/live/1086/64k.mp3	0
大连新闻广播	https://lhttp.qtfm.cn/live/1089/64k.mp3	0
丹东综合广播	https://lhttp.qtfm.cn/live/1090/64k.mp3	0
丹东交通广播	https://lhttp.qtfm.cn/live/1091/64k.mp3	0
抚顺交通广播	https://lhttp.qtfm.cn/live/1094/64k.mp3	0
沈阳都市广播	https://lhttp.qtfm.cn/live/1099/64k.mp3	0
沈阳交通广播FM98.6	https://lhttp.qtfm.cn/live/1101/64k.mp3	0
沈阳生活广播	https://lhttp.qtfm.cn/live/1102/64k.mp3	0
大连交通广播	https://lhttp.qtfm.cn/live/3997/64k.mp3	0
沈阳之声	https://lhttp.qtfm.cn/live/20024/64k.mp3	0
抚顺综合广播	https://lhttp.qtfm.cn/live/20158/64k.mp3	0
朝阳新闻综合广播	https://lhttp.qtfm.cn/live/20715/64k.mp3	0
朝阳交通广播	https://lhttp.qtfm.cn/live/20719/64k.mp3	0
朝阳经济广播	https://lhttp.qtfm.cn/live/5021880/64k.mp3	0
辽阳交通文艺广播	https://lhttp.qtfm.cn/live/5022030/64k.mp3	0
东港融媒综合广播	https://lhttp.qtfm.cn/live/5022186/64k.mp3	0
辽阳综合广播	https://lhttp.qtfm.cn/live/5022447/64k.mp3	0
庄河广播FM97.0	https://lhttp.qtfm.cn/live/5022473/64k.mp3	0
FM105.6	https://lhttp.qtfm.cn/live/5022520/64k.mp3	0
新民人民广播电台	https://lhttp.qtfm.cn/live/5022535/64k.mp3	0
桓仁广播电视台综合广播	https://lhttp.qtfm.cn/live/5022699/64k.mp3	0
FM106.9海城综合广播	https://lhttp.qtfm.cn/live/15318107/64k.mp3	0
凌源广播电台	https://lhttp.qtfm.cn/live/15318298/64k.mp3	0
大连1043	https://lhttp.qtfm.cn/live/15318307/64k.mp3	0
建平广播电视台	https://lhttp.qtfm.cn/live/15318332/64k.mp3	0
绥中综合广播	https://lhttp.qtfm.cn/live/20211705/64k.mp3	0
朝阳县人民广播电台FM104	https://lhttp.qtfm.cn/live/20212211/64k.mp3	0
瓦房店广播电视台新闻综合广播	https://lhttp.qtfm.cn/live/20500094/64k.mp3	0
黑山人民广播电台	https://lhttp.qtfm.cn/live/20500119/64k.mp3	0
黑龙江生活广播	https://lhttp.qtfm.cn/live/4970/64k.mp3	0
黑龙江音乐广播	https://lhttp.qtfm.cn/live/4969/64k.mp3	0
黑龙江高校广播	https://lhttp.qtfm.cn/live/4976/64k.mp3	0
黑龙江交通广播	https://lhttp.qtfm.cn/live/4973/64k.mp3	0
黑龙江老年少儿广播	https://lhttp.qtfm.cn/live/4972/64k.mp3	0
哈尔滨经济广播	https://lhttp.qtfm.cn/live/837/64k.mp3	0
哈尔滨文艺广播	https://lhttp.qtfm.cn/live/20083/64k.mp3	0
哈尔滨交通广播	https://lhttp.qtfm.cn/live/838/64k.mp3	0
哈尔滨音乐广播	https://lhttp.qtfm.cn/live/839/64k.mp3	0
龙广都市女性台	https://lhttp.qtfm.cn/live/4968/64k.mp3	0
龙广新闻台	https://lhttp.qtfm.cn/live/4974/64k.mp3	0
哈尔滨广播电视台综合广播	https://lhttp.qtfm.cn/live/20077/64k.mp3	0
冰城1026哈尔滨古典音乐广播	https://lhttp.qtfm.cn/live/5022338/64k.mp3	0
牡丹江交通广播	https://lhttp.qtfm.cn/live/5022354/64k.mp3	0
牡丹江综合广播	https://lhttp.qtfm.cn/live/5022434/64k.mp3	0
牡丹江经济广播	https://lhttp.qtfm.cn/live/5022435/64k.mp3	0
东宁市广播电视台综合广播	https://lhttp.qtfm.cn/live/20211653/64k.mp3	0
冰城融媒体电台	https://lhttp.qtfm.cn/live/20212259/64k.mp3	0
大兴安岭综合广播	https://lhttp.qtfm.cn/live/20500057/64k.mp3	0
鸡西交通广播	https://lhttp.qtfm.cn/live/20500087/64k.mp3	0
鸡西综合广播	https://lhttp.qtfm.cn/live/20500089/64k.mp3	0
齐齐哈尔综合广播	https://lhttp.qtfm.cn/live/20500133/64k.mp3	0
大庆音乐广播	https://lhttp.qtfm.cn/live/20500212/64k.mp3	0
陕西农村广播	https://lhttp.qtfm.cn/live/1602/64k.mp3	0
陕西戏曲广播	https://lhttp.qtfm.cn/live/1606/64k.mp3	0
陕西音乐广播	https://lhttp.qtfm.cn/live/4873/64k.mp3	0
陕西新闻广播	https://lhttp.qtfm.cn/live/1600/64k.mp3	0
陕西交通广播	https://lhttp.qtfm.cn/live/1601/64k.mp3	0
陕西都市广播	https://lhttp.qtfm.cn/live/1609/64k.mp3	0
陕西经济广播·汽车调频	https://lhttp.qtfm.cn/live/1603/64k.mp3	0
陕西青少广播·好听1055	https://lhttp.qtfm.cn/live/4885/64k.mp3	0
彬州之声	https://lhttp.qtfm.cn/live/20500035/64k.mp3	0
西安新闻广播	https://lhttp.qtfm.cn/live/1610/64k.mp3	0
西安交通广播	https://lhttp.qtfm.cn/live/1611/64k.mp3	0
西安音乐广播	https://lhttp.qtfm.cn/live/1612/64k.mp3	0
西安资讯广播·快乐1061	https://lhttp.qtfm.cn/live/1613/64k.mp3	0
安康综合广播	https://lhttp.qtfm.cn/live/5021861/64k.mp3	0
安康交通广播	https://lhttp.qtfm.cn/live/5021862/64k.mp3	0
渭南广播FM102.6	https://lhttp.qtfm.cn/live/5022388/64k.mp3	0
渭南广播FM90.9	https://lhttp.qtfm.cn/live/5022389/64k.mp3	0
FM100.7咸阳人民广播电台	https://lhttp.qtfm.cn/live/5022397/64k.mp3	0
宝鸡新闻广播	https://lhttp.qtfm.cn/live/15318125/64k.mp3	0
宝鸡经济广播	https://lhttp.qtfm.cn/live/15318126/64k.mp3	0
宝鸡音乐广播	https://lhttp.qtfm.cn/live/15318127/64k.mp3	0
宝鸡交通旅游	https://lhttp.qtfm.cn/live/15318128/64k.mp3	0
韩城交通音乐广播	https://lhttp.qtfm.cn/live/15318413/64k.mp3	0
运城综合广播	https://lhttp.qtfm.cn/live/1190/64k.mp3	0
甘肃农村广播	https://lhttp.qtfm.cn/live/3941/64k.mp3	0
甘肃交通广播	https://lhttp.qtfm.cn/live/3939/64k.mp3	0
甘肃新闻综合广播	https://lhttp.qtfm.cn/live/5022622/64k.mp3	0
天水综合广播	https://lhttp.qtfm.cn/live/20460/64k.mp3	0
经典937天水音乐文艺广播	https://lhttp.qtfm.cn/live/21251/64k.mp3	0
张掖新闻综合广播	https://lhttp.qtfm.cn/live/5022096/64k.mp3	0
FM106.6综合广播	https://lhttp.qtfm.cn/live/15318602/64k.mp3	0
天水交通广播FM91.9	https://lhttp.qtfm.cn/live/20211613/64k.mp3	0
定西交通广播	https://lhttp.qtfm.cn/live/20212230/64k.mp3	0
青海经济广播	https://lhttp.qtfm.cn/live/5008/64k.mp3	0
青海交通音乐	https://lhttp.qtfm.cn/live/5009/64k.mp3	0
青海生活广播 花儿调频	https://lhttp.qtfm.cn/live/5021413/64k.mp3	0
西宁新闻综合广播	https://lhttp.qtfm.cn/live/5022282/64k.mp3	0
FM104.3西宁交通文艺广播	https://lhttp.qtfm.cn/live/5022283/64k.mp3	0
湖北之声	https://lhttp.qtfm.cn/live/1303/64k.mp3	0
湖北经济广播	https://lhttp.qtfm.cn/live/1295/64k.mp3	0
湖北农村广播	https://lhttp.qtfm.cn/live/1302/64k.mp3	0
湖北城市之声	https://lhttp.qtfm.cn/live/4671/64k.mp3	0
湖北经典音乐广播	https://lhttp.qtfm.cn/live/1296/64k.mp3	0
中国交通网络应急广播	https://lhttp.qtfm.cn/live/20212320/64k.mp3	0
武穴人民广播电台	https://lhttp.qtfm.cn/live/5022071/64k.mp3	0
楚天音乐广播	https://lhttp.qtfm.cn/live/1289/64k.mp3	0
新县FM106.2	https://lhttp.qtfm.cn/live/20500056/64k.mp3	0
咸宁交通广播	https://lhttp.qtfm.cn/live/5068/64k.mp3	0
岳阳新闻综合广播	https://lhttp.qtfm.cn/live/20989/64k.mp3	0
楚天交通广播	https://lhttp.qtfm.cn/live/1291/64k.mp3	0
武汉经典音乐广播	https://lhttp.qtfm.cn/live/1297/64k.mp3	0
黄冈新闻综合广播	https://lhttp.qtfm.cn/live/1301/64k.mp3	0
襄阳之声	https://lhttp.qtfm.cn/live/1307/64k.mp3	0
襄阳交通音乐广播	https://lhttp.qtfm.cn/live/1308/64k.mp3	0
荆州广播电视台90.1汽车广播	https://lhttp.qtfm.cn/live/1312/64k.mp3	0
黄石交通广播	https://lhttp.qtfm.cn/live/3964/64k.mp3	0
武汉交通广播	https://lhttp.qtfm.cn/live/4665/64k.mp3	0
襄阳文化教育广播	https://lhttp.qtfm.cn/live/5057/64k.mp3	0
公安人民广播电台	https://lhttp.qtfm.cn/live/5063/64k.mp3	0
咸宁综合广播	https://lhttp.qtfm.cn/live/5067/64k.mp3	0
荆州音乐广播自在106.8	https://lhttp.qtfm.cn/live/20075/64k.mp3	0
武汉新闻广播	https://lhttp.qtfm.cn/live/20198/64k.mp3	0
武汉经济广播	https://lhttp.qtfm.cn/live/20200/64k.mp3	0
荆门交通音乐广播	https://lhttp.qtfm.cn/live/20336/64k.mp3	0
十堰综合广播	https://lhttp.qtfm.cn/live/20338/64k.mp3	0
十堰交通音乐广播	https://lhttp.qtfm.cn/live/20342/64k.mp3	0
宜昌交通广播	https://lhttp.qtfm.cn/live/20563/64k.mp3	0
宜昌新闻综合广播	https://lhttp.qtfm.cn/live/20565/64k.mp3	0
宜昌音乐广播	https://lhttp.qtfm.cn/live/20567/64k.mp3	0
随州综合广播	https://lhttp.qtfm.cn/live/20853/64k.mp3	0
鄂州广播电视台综合广播	https://lhttp.qtfm.cn/live/21025/64k.mp3	0
随州交通经济广播	https://lhttp.qtfm.cn/live/21027/64k.mp3	0
孝感交通音乐广播	https://lhttp.qtfm.cn/live/5022063/64k.mp3	0
孝感新闻综合广播	https://lhttp.qtfm.cn/live/5022064/64k.mp3	0
蕲春人民广播电台	https://lhttp.qtfm.cn/live/5022252/64k.mp3	0
黄梅之声	https://lhttp.qtfm.cn/live/5022280/64k.mp3	0
红安人民广播电台	https://lhttp.qtfm.cn/live/5022646/64k.mp3	0
魅力FM1064城市生活音乐广播	https://lhttp.qtfm.cn/live/5022716/64k.mp3	0
恩施电台新闻综合频率	https://lhttp.qtfm.cn/live/5022718/64k.mp3	0
恩施电台交通音乐频率	https://lhttp.qtfm.cn/live/5022719/64k.mp3	0
监利人民广播电台	https://lhttp.qtfm.cn/live/15318507/64k.mp3	0
孝昌964电台	https://lhttp.qtfm.cn/live/15318546/64k.mp3	0
黄冈交通音乐广播	https://lhttp.qtfm.cn/live/20207776/64k.mp3	0
仙桃人民广播电台	https://lhttp.qtfm.cn/live/20211562/64k.mp3	0
荆门综合广播	https://lhttp.qtfm.cn/live/20211577/64k.mp3	0
十堰旅游生活广播	https://lhttp.qtfm.cn/live/20212401/64k.mp3	0
鹤峰人民广播电台	https://lhttp.qtfm.cn/live/20500126/64k.mp3	0
团风综合广播	https://lhttp.qtfm.cn/live/20500189/64k.mp3	0
天门人民广播电台	https://lhttp.qtfm.cn/live/20500199/64k.mp3	0
江陵综合广播	https://lhttp.qtfm.cn/live/20500203/64k.mp3	0
云梦综合广播	https://lhttp.qtfm.cn/live/20500204/64k.mp3	0
九江新闻综合900红调频	https://lhttp.qtfm.cn/live/5022729/64k.mp3	0
江西音乐广播	https://lhttp.qtfm.cn/live/1802/64k.mp3	0
江西民生广播	https://lhttp.qtfm.cn/live/1813/64k.mp3	0
江西新闻广播	https://lhttp.qtfm.cn/live/1809/64k.mp3	0
江西交通广播	https://lhttp.qtfm.cn/live/1811/64k.mp3	0
江西财经广播（成功992）	https://lhttp.qtfm.cn/live/5021665/64k.mp3	0
江西潮台969	https://lhttp.qtfm.cn/live/20500092/64k.mp3	0
江西旅游广播FM97.4	https://lhttp.qtfm.cn/live/20133/64k.mp3	0
南昌交通广播	https://lhttp.qtfm.cn/live/1804/64k.mp3	0
FM99.2赣州农村科教广播	https://lhttp.qtfm.cn/live/4941/64k.mp3	0
FM94.5赣州交通音乐广播	https://lhttp.qtfm.cn/live/4942/64k.mp3	0
新余交通广播	https://lhttp.qtfm.cn/live/20093/64k.mp3	0
新余新闻广播	https://lhttp.qtfm.cn/live/20178/64k.mp3	0
赣州综合广播	https://lhttp.qtfm.cn/live/20266/64k.mp3	0
瓷都交通音乐广播	https://lhttp.qtfm.cn/live/5021829/64k.mp3	0
南康交通广播	https://lhttp.qtfm.cn/live/5021869/64k.mp3	0
九江交通广播	https://lhttp.qtfm.cn/live/5021918/64k.mp3	0
景德镇新闻综合广播	https://lhttp.qtfm.cn/live/5022025/64k.mp3	0
FM104.8鹰潭新闻综合频率	https://lhttp.qtfm.cn/live/5022035/64k.mp3	0
FM103.2鹰潭交通音乐广播	https://lhttp.qtfm.cn/live/5022036/64k.mp3	0
萍乡交通文艺广播	https://lhttp.qtfm.cn/live/5022409/64k.mp3	0
萍乡电台综合广播FM106.8	https://lhttp.qtfm.cn/live/5022455/64k.mp3	0
赣北之声FM94.2	https://lhttp.qtfm.cn/live/5022648/64k.mp3	0
九江新闻综合900红调频	https://lhttp.qtfm.cn/live/5022729/64k.mp3	0
宜春新闻综合广播	https://lhttp.qtfm.cn/live/20212205/64k.mp3	0
宜春交通音乐广播	https://lhttp.qtfm.cn/live/20212206/64k.mp3	0
九江文化旅游广播	https://lhttp.qtfm.cn/live/20212210/64k.mp3	0
高安电台942	https://lhttp.qtfm.cn/live/20500014/64k.mp3	0
抚州交通音乐广播	https://lhttp.qtfm.cn/live/20500015/64k.mp3	0
岳阳新闻综合广播	https://lhttp.qtfm.cn/live/20989/64k.mp3	0
浏阳99.5交通广播	https://lhttp.qtfm.cn/live/5022710/64k.mp3	0
黄石交通广播	https://lhttp.qtfm.cn/live/3964/64k.mp3	0
安徽音乐广播	https://lhttp.qtfm.cn/live/1947/64k.mp3	0
安徽生活广播	https://lhttp.qtfm.cn/live/1948/64k.mp3	0
安徽农村广播	https://lhttp.qtfm.cn/live/1950/64k.mp3	0
安徽老年广播	https://lhttp.qtfm.cn/live/1951/64k.mp3	0
安徽戏曲广播	https://lhttp.qtfm.cn/live/1952/64k.mp3	0
安徽经济广播	https://lhttp.qtfm.cn/live/4916/64k.mp3	0
安徽综合广播	https://lhttp.qtfm.cn/live/4919/64k.mp3	0
安徽交通广播	https://lhttp.qtfm.cn/live/1949/64k.mp3	0
安徽旅游广播高速之声	https://lhttp.qtfm.cn/live/15318219/64k.mp3	0
合肥交通广播	https://lhttp.qtfm.cn/live/1960/64k.mp3	0
黄山新闻综合广播	https://lhttp.qtfm.cn/live/1968/64k.mp3	0
徐州经典音乐FM942	https://lhttp.qtfm.cn/live/15318160/64k.mp3	0
合肥故事广播	https://lhttp.qtfm.cn/live/1961/64k.mp3	0
安庆综合广播	https://lhttp.qtfm.cn/live/1965/64k.mp3	0
安庆交通音乐广播	https://lhttp.qtfm.cn/live/1966/64k.mp3	0
黄山交通旅游广播	https://lhttp.qtfm.cn/live/1969/64k.mp3	0
阜阳综合广播	https://lhttp.qtfm.cn/live/1970/64k.mp3	0
阜阳交通广播	https://lhttp.qtfm.cn/live/1971/64k.mp3	0
MUSIC876	https://lhttp.qtfm.cn/live/1975/64k.mp3	0
池州交通旅游广播(fm96.6)	https://lhttp.qtfm.cn/live/4839/64k.mp3	0
淮南交通广播	https://lhttp.qtfm.cn/live/4843/64k.mp3	0
天长人民广播电台	https://lhttp.qtfm.cn/live/4854/64k.mp3	0
滁州综合广播	https://lhttp.qtfm.cn/live/5019/64k.mp3	0
滁州旅游交通广播	https://lhttp.qtfm.cn/live/5020/64k.mp3	0
宣城广播电视台综合广播	https://lhttp.qtfm.cn/live/5022/64k.mp3	0
宣城交通1061	https://lhttp.qtfm.cn/live/5023/64k.mp3	0
芜湖交通经济广播	https://lhttp.qtfm.cn/live/5027/64k.mp3	0
芜湖音乐故事广播	https://lhttp.qtfm.cn/live/5028/64k.mp3	0
芜湖综合广播	https://lhttp.qtfm.cn/live/5029/64k.mp3	0
铜陵新闻综合广播	https://lhttp.qtfm.cn/live/21303/64k.mp3	0
铜陵交通生活广播	https://lhttp.qtfm.cn/live/21305/64k.mp3	0
天井湖之声FM1024	https://lhttp.qtfm.cn/live/5021979/64k.mp3	0
怀远之声	https://lhttp.qtfm.cn/live/5021993/64k.mp3	0
池州新闻综合广播	https://lhttp.qtfm.cn/live/5022373/64k.mp3	0
宿州新闻综合广播	https://lhttp.qtfm.cn/live/5022399/64k.mp3	0
宿州文艺广播	https://lhttp.qtfm.cn/live/5022400/64k.mp3	0
阜阳经济广播	https://lhttp.qtfm.cn/live/5022571/64k.mp3	0
包河之声电台	https://lhttp.qtfm.cn/live/5022668/64k.mp3	0
烈山电台南湖之声	https://lhttp.qtfm.cn/live/15318117/64k.mp3	0
滁州文艺广播	https://lhttp.qtfm.cn/live/15318404/64k.mp3	0
太和县广播电视台综合广播	https://lhttp.qtfm.cn/live/15318579/64k.mp3	0
临泉交通音乐广播	https://lhttp.qtfm.cn/live/15318699/64k.mp3	0
FM963界首之声（界首新闻综合广播）	https://lhttp.qtfm.cn/live/20207785/64k.mp3	0
亳州新闻综合广播	https://lhttp.qtfm.cn/live/20207787/64k.mp3	0
经典983电台	https://lhttp.qtfm.cn/live/20211575/64k.mp3	0
淮北交通广播	https://lhttp.qtfm.cn/live/20211647/64k.mp3	0
淮北综合广播	https://lhttp.qtfm.cn/live/20211648/64k.mp3	0
合肥新闻综合广播	https://lhttp.qtfm.cn/live/20212380/64k.mp3	0
颍上FM962	https://lhttp.qtfm.cn/live/20500039/64k.mp3	0
黄石交通广播	https://lhttp.qtfm.cn/live/3964/64k.mp3	0
九江新闻综合900红调频	https://lhttp.qtfm.cn/live/5022729/64k.mp3	0
淮北交通广播	https://lhttp.qtfm.cn/live/20211647/64k.mp3	0
淮北综合广播	https://lhttp.qtfm.cn/live/20211648/64k.mp3	0
合肥新闻综合广播	https://lhttp.qtfm.cn/live/20212380/64k.mp3	0
颍上FM962	https://lhttp.qtfm.cn/live/20500039/64k.mp3	0
黄石交通广播	https://lhttp.qtfm.cn/live/3964/64k.mp3	0
九江新闻综合900红调频	https://lhttp.qtfm.cn/live/5022729/64k.mp3	0
海南音乐广播	https://lhttp.qtfm.cn/live/4878/64k.mp3	0
海南民生广播	https://lhttp.qtfm.cn/live/21243/64k.mp3	0
海南旅游广播?国际旅游岛之声	https://lhttp.qtfm.cn/live/1862/64k.mp3	0
海南新闻广播	https://lhttp.qtfm.cn/live/1861/64k.mp3	0
海南交通广播	https://lhttp.qtfm.cn/live/4911/64k.mp3	0
海口音乐广播	https://lhttp.qtfm.cn/live/20010/64k.mp3	0
三亚天涯之声	https://lhttp.qtfm.cn/live/20450/64k.mp3	0
FM101.8海口综合广播	https://lhttp.qtfm.cn/live/5022015/64k.mp3	0
交通954	https://lhttp.qtfm.cn/live/5022079/64k.mp3	0
琼海人民广播电台	https://lhttp.qtfm.cn/live/5022287/64k.mp3	0
三亚之声	https://lhttp.qtfm.cn/live/15318203/64k.mp3	0
湛江经济广播	https://lhttp.qtfm.cn/live/5069/64k.mp3	0
云南交通之声	https://lhttp.qtfm.cn/live/1928/64k.mp3	0
云南音乐广播	https://lhttp.qtfm.cn/live/1929/64k.mp3	0
云南民族广播	https://lhttp.qtfm.cn/live/1933/64k.mp3	0
云南新闻广播	https://lhttp.qtfm.cn/live/1926/64k.mp3	0
云南私家车电台	https://lhttp.qtfm.cn/live/1927/64k.mp3	0
FM99香格里拉之声	https://lhttp.qtfm.cn/live/20139/64k.mp3	0
攀枝花综合广播	https://lhttp.qtfm.cn/live/4904/64k.mp3	0
昆明NEW FM102.8	https://lhttp.qtfm.cn/live/1935/64k.mp3	0
新知100知道分子频道	https://lhttp.qtfm.cn/live/1930/64k.mp3	0
FM1008新闻综合广播	https://lhttp.qtfm.cn/live/1934/64k.mp3	0
FM954汽车音乐广播	https://lhttp.qtfm.cn/live/1936/64k.mp3	0
FM105城市资讯	https://lhttp.qtfm.cn/live/1937/64k.mp3	0
普洱市广播电视台综合广播	https://lhttp.qtfm.cn/live/1938/64k.mp3	0
大理电台苍洱调频	https://lhttp.qtfm.cn/live/1940/64k.mp3	0
楚雄综合广播	https://lhttp.qtfm.cn/live/4030/64k.mp3	0
红河综合广播	https://lhttp.qtfm.cn/live/4033/64k.mp3	0
西双版纳民族语广播FM90.6	https://lhttp.qtfm.cn/live/4036/64k.mp3	0
红河交通广播	https://lhttp.qtfm.cn/live/4994/64k.mp3	0
昭通交通旅游广播	https://lhttp.qtfm.cn/live/21247/64k.mp3	0
昭通新闻综合广播	https://lhttp.qtfm.cn/live/21249/64k.mp3	0
蒙自广播电视台综合广播	https://lhttp.qtfm.cn/live/5021599/64k.mp3	0
文山交通广播	https://lhttp.qtfm.cn/live/5021637/64k.mp3	0
西双版纳综合广播FM101.4	https://lhttp.qtfm.cn/live/5021709/64k.mp3	0
德宏广播电视台综合广播	https://lhttp.qtfm.cn/live/5021849/64k.mp3	0
德宏民语综合广播	https://lhttp.qtfm.cn/live/5021850/64k.mp3	0
玉溪新闻综合广播FM102.4	https://lhttp.qtfm.cn/live/5022031/64k.mp3	0
开远广播电视台综合广播	https://lhttp.qtfm.cn/live/5022383/64k.mp3	0
保山广播电视台FM98.7综合广播	https://lhttp.qtfm.cn/live/5022446/64k.mp3	0
弥勒广播电视台综合广播	https://lhttp.qtfm.cn/live/5022531/64k.mp3	0
德宏交通旅游广播	https://lhttp.qtfm.cn/live/5022548/64k.mp3	0
怒江广播电视台广播综合频率	https://lhttp.qtfm.cn/live/15318176/64k.mp3	0
芒市广播电台FM105.1	https://lhttp.qtfm.cn/live/15318587/64k.mp3	0
大理综合广播	https://lhttp.qtfm.cn/live/20207747/64k.mp3	0
大理旅游文化广播	https://lhttp.qtfm.cn/live/20207748/64k.mp3	0
镇雄新闻综合广播	https://lhttp.qtfm.cn/live/20210752/64k.mp3	0
玉溪交通旅游广播FM87.7	https://lhttp.qtfm.cn/live/20211563/64k.mp3	0
巧家人民广播电台——白鹤之声	https://lhttp.qtfm.cn/live/20211704/64k.mp3	0
普洱市广播电视台交通广播	https://lhttp.qtfm.cn/live/20212429/64k.mp3	0
黔西南FM88.3交通旅游广播	https://lhttp.qtfm.cn/live/5046/64k.mp3	0
内蒙古经济生活广播	https://lhttp.qtfm.cn/live/1885/64k.mp3	0
内蒙古评书曲艺广播	https://lhttp.qtfm.cn/live/1887/64k.mp3	0
内蒙古绿野之声广播	https://lhttp.qtfm.cn/live/1888/64k.mp3	0
内蒙古新闻广播	https://lhttp.qtfm.cn/live/1881/64k.mp3	0
内蒙古新闻综合广播	https://lhttp.qtfm.cn/live/1883/64k.mp3	0
内蒙古蒙古语广播	https://lhttp.qtfm.cn/live/1882/64k.mp3	0
内蒙古交通之声	https://lhttp.qtfm.cn/live/1884/64k.mp3	0
内蒙古音乐之声	https://lhttp.qtfm.cn/live/1886/64k.mp3	0
内蒙古草原之声广播	https://lhttp.qtfm.cn/live/20973/64k.mp3	0
FM94.9包头综合广播	https://lhttp.qtfm.cn/live/1889/64k.mp3	0
包头交通广播	https://lhttp.qtfm.cn/live/1890/64k.mp3	0
包头广播电视台FM105.9	https://lhttp.qtfm.cn/live/1891/64k.mp3	0
包头汽车音乐广播	https://lhttp.qtfm.cn/live/1892/64k.mp3	0
巴彦淖尔广播电视台 综合广播	https://lhttp.qtfm.cn/live/1893/64k.mp3	0
巴彦淖尔文艺生活广播	https://lhttp.qtfm.cn/live/1894/64k.mp3	0
巴彦淖尔交通广播	https://lhttp.qtfm.cn/live/1895/64k.mp3	0
赤峰综合广播	https://lhttp.qtfm.cn/live/1896/64k.mp3	0
赤峰蒙古语综合广播	https://lhttp.qtfm.cn/live/1897/64k.mp3	0
赤峰1024	https://lhttp.qtfm.cn/live/1898/64k.mp3	0
赤峰交通广播	https://lhttp.qtfm.cn/live/1899/64k.mp3	0
103.9HappyRadio	https://lhttp.qtfm.cn/live/4910/64k.mp3	0
鄂尔多斯蒙语综合广播	https://lhttp.qtfm.cn/live/20348/64k.mp3	0
FM896鄂尔多斯之声	https://lhttp.qtfm.cn/live/20350/64k.mp3	0
鄂尔多斯交通文体广播	https://lhttp.qtfm.cn/live/20352/64k.mp3	0
FM98.1包头文艺广播	https://lhttp.qtfm.cn/live/21259/64k.mp3	0
呼和浩特综合广播	https://lhttp.qtfm.cn/live/5021543/64k.mp3	0
呼和浩特交通广播	https://lhttp.qtfm.cn/live/5021545/64k.mp3	0
阿拉善综合广播	https://lhttp.qtfm.cn/live/5022521/64k.mp3	0
阿拉善蒙语综合广播	https://lhttp.qtfm.cn/live/5022555/64k.mp3	0
乌海交通音乐广播	https://lhttp.qtfm.cn/live/15318704/64k.mp3	0
乌海综合广播	https://lhttp.qtfm.cn/live/15318706/64k.mp3	0
广西电台新闻910	https://lhttp.qtfm.cn/live/1753/64k.mp3	0
广西交通台	https://lhttp.qtfm.cn/live/1758/64k.mp3	0
FM950广西音乐台	https://lhttp.qtfm.cn/live/4875/64k.mp3	0
广西私家车930	https://lhttp.qtfm.cn/live/1756/64k.mp3	0
广西北部湾之声	https://lhttp.qtfm.cn/live/1757/64k.mp3	0
广西970女主播电台	https://lhttp.qtfm.cn/live/1754/64k.mp3	0
桂林飞扬调频	https://lhttp.qtfm.cn/live/1760/64k.mp3	0
桂林新闻综合广播	https://lhttp.qtfm.cn/live/1759/64k.mp3	0
978玉林城市电台	https://lhttp.qtfm.cn/live/1762/64k.mp3	0
玉林交通音乐广播	https://lhttp.qtfm.cn/live/1763/64k.mp3	0
梧州广播电视台交通音乐之声	https://lhttp.qtfm.cn/live/4599/64k.mp3	0
钦州新闻综合广播	https://lhttp.qtfm.cn/live/5042/64k.mp3	0
畅听882（贺州广播电视台综合广播）	https://lhttp.qtfm.cn/live/5043/64k.mp3	0
贺州交通音乐广播	https://lhttp.qtfm.cn/live/5044/64k.mp3	0
南宁990新闻台	https://lhttp.qtfm.cn/live/20358/64k.mp3	0
FM99.10柳州交通广播	https://lhttp.qtfm.cn/live/20571/64k.mp3	0
贵港金曲1019	https://lhttp.qtfm.cn/live/20697/64k.mp3	0
南宁1074交通台	https://lhttp.qtfm.cn/live/20767/64k.mp3	0
南宁经典1049	https://lhttp.qtfm.cn/live/20769/64k.mp3	0
北海新闻综合广播	https://lhttp.qtfm.cn/live/20861/64k.mp3	0
柳州综合广播	https://lhttp.qtfm.cn/live/21043/64k.mp3	0
贵港风尚调频	https://lhttp.qtfm.cn/live/5021920/64k.mp3	0
桂林电台最爱912	https://lhttp.qtfm.cn/live/15318228/64k.mp3	0
北海交通音乐广播	https://lhttp.qtfm.cn/live/20211621/64k.mp3	0
黔西南FM88.3交通旅游广播	https://lhttp.qtfm.cn/live/5046/64k.mp3	0
拉萨人民广播电台914	https://lhttp.qtfm.cn/live/5022138/64k.mp3	0
宁夏经济广播	https://lhttp.qtfm.cn/live/1841/64k.mp3	0
宁夏旅游广播	https://lhttp.qtfm.cn/live/1842/64k.mp3	0
宁夏音乐广播	https://lhttp.qtfm.cn/live/15318294/64k.mp3	0
宁夏交通广播	https://lhttp.qtfm.cn/live/1840/64k.mp3	0
石嘴山综合广播	https://lhttp.qtfm.cn/live/5022563/64k.mp3	0
新疆故事广播	https://lhttp.qtfm.cn/live/1911/64k.mp3	0
新疆哈萨克语广播	https://lhttp.qtfm.cn/live/1908/64k.mp3	0
新疆交通广播	https://lhttp.qtfm.cn/live/1910/64k.mp3	0
新疆924民生广播	https://lhttp.qtfm.cn/live/20480/64k.mp3	0
新疆990音乐广播	https://lhttp.qtfm.cn/live/21001/64k.mp3	0
新疆929文化旅游广播	https://lhttp.qtfm.cn/live/1909/64k.mp3	0
新疆蒙古语广播	https://lhttp.qtfm.cn/live/1903/64k.mp3	0
新疆电台维语交通文艺广播	https://lhttp.qtfm.cn/live/20639/64k.mp3	0
新疆新闻广播FM96.1	https://lhttp.qtfm.cn/live/1902/64k.mp3	0
新疆昌吉 FM103.3综合广播	https://lhttp.qtfm.cn/live/20440/64k.mp3	0
新疆兵团第十三师调频广播	https://lhttp.qtfm.cn/live/5022506/64k.mp3	0
乌鲁木齐974交通广播	https://lhttp.qtfm.cn/live/1919/64k.mp3	0
兵团882综合广播	https://lhttp.qtfm.cn/live/5022410/64k.mp3	0
兵团七师综合广播	https://lhttp.qtfm.cn/live/20500095/64k.mp3	0
乌鲁木齐新闻广播	https://lhttp.qtfm.cn/live/1918/64k.mp3	0
乌鲁木齐旅游音乐	https://lhttp.qtfm.cn/live/1920/64k.mp3	0
乌鲁木齐维吾尔语广播	https://lhttp.qtfm.cn/live/1923/64k.mp3	0
巴音郭楞广播电视台1077交通文艺广播	https://lhttp.qtfm.cn/live/5022104/64k.mp3	0
巴音郭楞广播电视台FM966综合广播	https://lhttp.qtfm.cn/live/5022108/64k.mp3	0
察布查尔FM99.5	https://lhttp.qtfm.cn/live/5022610/64k.mp3	0
伊犁维吾尔语综合广播	https://lhttp.qtfm.cn/live/5022688/64k.mp3	0
伊犁交通音乐广播	https://lhttp.qtfm.cn/live/5022689/64k.mp3	0
伊犁经济广播	https://lhttp.qtfm.cn/live/5022691/64k.mp3	0
伊犁哈萨克语综合广播	https://lhttp.qtfm.cn/live/5022692/64k.mp3	0
阿克苏汉语综合广播FM94	https://lhttp.qtfm.cn/live/15318550/64k.mp3	0
阿克苏维语综合广播FM101.6	https://lhttp.qtfm.cn/live/15318551/64k.mp3	0
FM100.6 双河综合广播	https://lhttp.qtfm.cn/live/20207772/64k.mp3	0
托峰明珠交通音乐	https://lhttp.qtfm.cn/live/20207780/64k.mp3	0
第二师融媒体中心综合广播FM88.5	https://lhttp.qtfm.cn/live/20211703/64k.mp3	0
伊犁汉语综合广播	https://lhttp.qtfm.cn/live/20211711/64k.mp3	0
库尔勒1053梨城之声	https://lhttp.qtfm.cn/live/20212425/64k.mp3	0
塔城人民广播电台汉语综合广播	https://lhttp.qtfm.cn/live/20500031/64k.mp3	0
阿克苏市1029	https://lhttp.qtfm.cn/live/20500041/64k.mp3	0
伊犁之声FM89.7	https://lhttp.qtfm.cn/live/20500054/64k.mp3	0
石河子广播电视台综合广播	https://lhttp.qtfm.cn/live/20500118/64k.mp3	0
奎屯市融媒体中心综合广播	https://lhttp.qtfm.cn/live/20500121/64k.mp3	0
第三师图木舒克市人民广播电台	https://lhttp.qtfm.cn/live/20500135/64k.mp3	0
FM96.0 阿拉尔人民广播电台新闻综合广播	https://lhttp.qtfm.cn/live/20500209/64k.mp3	0
1079音乐有话说	https://lhttp.qtfm.cn/live/20211619/64k.mp3	0
流行音乐广播999正青春	https://lhttp.qtfm.cn/live/20211620/64k.mp3	0
塔城市广播电视台FM104.2	https://lhttp.qtfm.cn/live/20500145/64k.mp3	0
畅行951	https://lhttp.qtfm.cn/live/3948/64k.mp3	0
FM893周口交通广播	https://lhttp.qtfm.cn/live/15318700/64k.mp3	0
天津滨海100.5	https://lhttp.qtfm.cn/live/20003/64k.mp3	0
经典FM1008	https://lhttp.qtfm.cn/live/20212227/64k.mp3	0
畅行951	https://lhttp.qtfm.cn/live/3948/64k.mp3	0
天津滨海100.5	https://lhttp.qtfm.cn/live/20003/64k.mp3	0
经典FM1008	https://lhttp.qtfm.cn/live/20212227/64k.mp3	0
畅行951	https://lhttp.qtfm.cn/live/3948/64k.mp3	0
上海新闻广播	https://lhttp.qtfm.cn/live/270/64k.mp3	0
上海动感101	https://lhttp.qtfm.cn/live/274/64k.mp3	0
上海戏曲广播	https://lhttp.qtfm.cn/live/269/64k.mp3	0
上海交通广播电台	https://lhttp.qtfm.cn/live/266/64k.mp3	0
上海经典947	https://lhttp.qtfm.cn/live/267/64k.mp3	0
上海天气台	https://lhttp.qtfm.cn/live/20500176/64k.mp3	0
上海沸点100音乐广播	https://lhttp.qtfm.cn/live/5022341/64k.mp3	0
东上海之声FM106.5	https://lhttp.qtfm.cn/live/21355/64k.mp3	0
上海流行音乐LoveRadio	https://lhttp.qtfm.cn/live/273/64k.mp3	0
长三角之声	https://lhttp.qtfm.cn/live/275/64k.mp3	0
第一财经广播	https://lhttp.qtfm.cn/live/276/64k.mp3	0
金山区广播电视台综合广播	https://lhttp.qtfm.cn/live/4022/64k.mp3	0
闵行人民广播电台	https://lhttp.qtfm.cn/live/20202/64k.mp3	0
嘉兴交通广播	https://lhttp.qtfm.cn/live/1135/64k.mp3	0
珠海斗门电台	https://lhttp.qtfm.cn/live/15318432/64k.mp3	0
